start_lat,start_lon,end_lat1,end_lon1,end_lat2,end_lon2,end_lat3,end_lon3,end_lat4,end_lon4
48.57996625,7.750007282,48.86669293,2.333335326
43.13418645,5.918821566,36.763064799999995,3.05055253
48.86669293,2.333335326,50.08333701,14.46597978
40.74997906,-73.98001693,48.86669293,2.333335326
52.52181866,13.40154862,48.12994204,11.57499345
-35.016946600000004,117.8916048,42.87997825,-78.88000208
41.82999066,-87.75005497,32.82002382,-96.84001693
-32.61001341,-60.17998071,47.57000205,-122.33998500000001
41.469986799999994,-81.69499821,41.82999066,-87.75005497
41.469986799999994,-81.69499821,38.22501691,-85.74870427
-33.59951373,-71.60998071,35.22998008,-101.82999659999999,36.12000327,-95.93002079,39.73918805,-104.984016
41.469986799999994,-81.69499821,41.82999066,-87.75005497
-37.46000161,-72.35998661,33.53997988,-112.06999170000002,31.77998395,-106.5099952
32.82002382,-117.1799899,33.53997988,-112.06999170000002
20.0250167,-75.82132573,23.13195884,-82.36418217
44.94398663,-93.08497481,44.97997927,-93.25178634
35.10497479,-106.64133079999999,-37.46000161,-72.35998661
32.50001752,-117.079996,31.30500002,-110.94499579999999
41.469986799999994,-81.69499821,38.22501691,-85.74870427
19.44244244,-99.1309882,-37.66551878,-59.80002975
37.71998313,-97.32998702,39.11358052,-94.63014638
40.70042137,-74.17000533,41.77002016,-72.67996708
52.52181866,13.40154862,48.20001528,16.36663896
33.59997622,-7.616367433,43.61995892,1.449926716
48.86669293,2.333335326,42.969998600000004,-81.24998661
39.11358052,-94.63014638,37.71998313,-97.32998702
32.82002382,-117.1799899,-37.46000161,-72.35998661
50.93000368,6.950004433999999,49.25039044,6.970003212999999
41.82999066,-87.75005497,42.32996014,-83.08005579
37.76892071,-122.2211034,47.57000205,-122.33998500000001
39.11358052,-94.63014638,41.82999066,-87.75005497
42.26970542,-89.06969019,41.82999066,-87.75005497,43.07301556,-89.40111699
-31.43003375,-62.08996749,35.36997154,-119.01998090000001,-37.46000161,-72.35998661
41.82999066,-87.75005497,42.29215883,-85.58718958
33.53997988,-112.06999170000002,-37.46000161,-72.35998661
32.82002382,-117.1799899,37.76892071,-122.2211034
31.77998395,-106.5099952,32.82002382,-96.84001693
34.73608258,-92.33109318,35.11998679999999,-89.99999516
-32.88333006,-68.81661117,-33.45001382,-70.66704085
41.469986799999994,-81.69499821,41.82999066,-87.75005497
47.57000205,-122.33998500000001,32.82002382,-96.84001693
52.52181866,13.40154862,53.55002464,9.999999144
40.7750163,-111.93005190000001,41.14000694,-104.8197107
38.63501772,-90.23998051,41.82999066,-87.75005497
49.93373374,1.083334105,41.33038291,-72.90000533
40.74997906,-73.98001693,41.82999066,-87.75005497
-34.60250161,-58.39753137,-33.45001382,-70.66704085
41.24000083,-96.00999007,39.76903119,-94.84639185
-41.44983559,147.13018180000003,-37.82003131,144.97501619999997
41.24000083,-96.00999007,39.11358052,-94.63014638
39.11358052,-94.63014638,41.82999066,-87.75005497
-33.45001382,-70.66704085,23.13195884,-82.36418217
38.22501691,-85.74870427,36.16997438,-86.77998499
40.70042137,-74.17000533,32.47043276,-84.98001734
31.77840782,35.20662593,30.04996035,31.24996822
-37.46000161,-72.35998661,35.10497479,-106.64133079999999
41.82999066,-87.75005497,38.63501772,-90.23998051
29.99500246,-90.03996688,30.68002525,-88.04998499
45.4699752,9.20500891,52.34996869,4.9166401760000005
46.59274904,-112.03529099999999,39.73918805,-104.984016
40.7750163,-111.93005190000001,41.14000694,-104.8197107
32.82002382,-96.84001693,31.54917116,-97.14638066
-17.41001097,-66.16997685,-33.46613686,-67.54999597
43.28997906,5.37501013,36.80277814,10.1796781
41.82999066,-87.75005497,35.47004295,-97.51868351
40.70042137,-74.17000533,-37.46000161,-72.35998661
25.7876107,-80.22410608,-22.92502317,-43.22502079
45.07038719,7.669960489,45.4699752,9.20500891
60.39100242,5.324522256,63.41665753,10.41666622
29.99500246,-90.03996688,41.82999066,-87.75005497
31.77998395,-106.5099952,38.280388200000004,-104.6300066
50.09997683,8.67501542,50.97005292,11.02996212
35.59701194,-105.2225027,40.7750163,-111.93005190000001
25.7876107,-80.22410608,32.79237693,-79.99210474,40.70042137,-74.17000533
37.76892071,-122.2211034,-31.43003375,-62.08996749,-37.46000161,-72.35998661
-37.46000161,-72.35998661,-31.43003375,-62.08996749,37.76892071,-122.2211034
-27.45503091,153.03509269999998,41.13980023,-102.9782727
52.34996869,4.9166401760000005,48.86669293,2.333335326
31.20001935,29.94999589,37.98332623,23.73332108
41.14000694,-104.8197107,40.7750163,-111.93005190000001
52.52181866,13.40154862,49.50037518,8.470015013
50.93000368,6.950004433999999,50.83331708,4.3333166080000005,42.969998600000004,-81.24998661
44.433371799999996,26.09994665,48.20001528,16.36663896,50.08333701,14.46597978,48.86669293,2.333335326
45.4699752,9.20500891,50.09997683,8.67501542
47.57000205,-122.33998500000001,45.78830202,-108.5400004,41.82999066,-87.75005497
21.30687644,-157.85799790000002,-14.2766105,-170.70664509999997,-36.850013,174.76498080000002
55.75216412,37.61552283,68.96998781,33.10003617
43.28997906,5.37501013,41.92706484,8.728293822000001
52.52181866,13.40154862,48.86669293,2.333335326
21.03332725,105.8500142,48.86669293,2.333335326
19.44244244,-99.1309882,-37.66551878,-59.80002975
40.70042137,-74.17000533,41.469986799999994,-81.69499821,41.82999066,-87.75005497
47.57000205,-122.33998500000001,41.82999066,-87.75005497
39.22239789,9.103981485,41.89595563,12.48325842
52.25000063,20.99999955,44.433371799999996,26.09994665
-0.090034567,34.75001298,31.20001935,29.94999589
50.08333701,14.46597978,48.86669293,2.333335326
-34.93498777,138.60000480000002,-37.82003131,144.97501619999997
49.88298749,-97.16599186,50.45003298,-104.6170099,49.27341658,-123.1216442
42.32662701,-122.8744227,37.76892071,-122.2211034
46.21000755,6.140028034,48.86669293,2.333335326
41.82999066,-87.75005497,47.57000205,-122.33998500000001
-14.46662474,132.266593,-34.93498777,138.60000480000002
41.82999066,-87.75005497,32.82002382,-96.84001693
33.59997622,-7.616367433,14.71583173,-17.47313013
43.61995892,1.449926716,33.59997622,-7.616367433
42.969998600000004,-81.24998661,53.55002464,9.999999144
52.52181866,13.40154862,50.93000368,6.950004433999999,42.969998600000004,-81.24998661
59.35075995,18.09733473,52.34996869,4.9166401760000005
-31.95501463,115.8399987,42.969998600000004,-81.24998661
59.43387738,24.72804073,60.17556337,24.93412634
-37.82003131,144.97501619999997,-35.28302855,149.1290262
37.76892071,-122.2211034,40.7750163,-111.93005190000001
-22.92502317,-43.22502079,-23.55867959,-46.62501998
39.11358052,-94.63014638,40.74997906,-73.98001693
33.83001385,-84.39994938,25.91997988,-97.50000248
25.7876107,-80.22410608,-34.60250161,-58.39753137
44.97997927,-93.25178634,46.8772278,-96.7894257
40.74997906,-73.98001693,42.87997825,-78.88000208,41.82999066,-87.75005497,42.32996014,-83.08005579
35.59701194,-105.2225027,-37.46000161,-72.35998661
41.82999066,-87.75005497,47.57000205,-122.33998500000001
42.32109764,-85.17974675,43.78000083,11.25000036
5.5500346060000005,-0.21671574,-6.983825663999999,-60.26994938
-33.45001382,-70.66704085,-16.41999388,-71.53001144,-12.04801268,-77.05006209
38.72272288,-9.144866305,42.969998600000004,-81.24998661
41.469986799999994,-81.69499821,35.11998679999999,-89.99999516
-19.24995034,146.76999709999998,-27.45503091,153.03509269999998
36.16997438,-86.77998499,35.11998679999999,-89.99999516
34.73608258,-92.33109318,35.11998679999999,-89.99999516
64.50610008,-165.4063744,64.83698427,-147.7106586
48.77997988,9.199996296,41.38329958,2.1833703190000002
44.03995913,-64.72001367,40.74997906,-73.98001693
29.56497703,106.59498159999998,25.06998008,102.6799751
40.429998600000005,-79.99998539,39.62981488,-79.95606043
32.030718,-102.09749959999999,36.16997438,-86.77998499
5.5500346060000005,-0.21671574,6.31055666,-10.80475163
42.32996014,-71.07001367,34.75432436,-77.43055567,25.7876107,-80.22410608
25.7876107,-80.22410608,34.75432436,-77.43055567
42.969998600000004,-81.24998661,30.04996035,31.24996822
-3.7166865860000002,128.2000195,-12.42535398,130.8500386
31.21645245,121.4365047,40.79886497,-81.37863509
37.98332623,23.73332108,40.84002525,14.24501135
40.70042137,-74.17000533,47.57000205,-122.33998500000001
40.74997906,-73.98001693,42.32996014,-71.07001367
43.60859011,-116.2274899,39.73918805,-104.984016
10.70504295,122.5450158,10.31997601,123.9000752
32.82002382,-96.84001693,32.82002382,-117.1799899
-42.85000853,147.2950297,-37.82003131,144.97501619999997
37.95813397,-121.28973899999998,41.23237856,-111.9680341
-33.59951373,150.73998730000002,33.83001385,-84.39994938
59.91669029,10.74997921,59.35075995,18.09733473
30.04996035,31.24996822,41.89595563,12.48325842
-2.220033754,-79.92004195,-2.89999225,-78.99999475
39.05000531,-95.66998499,39.73918805,-104.984016
41.82999066,-87.75005497,-31.43003375,-62.08996749
4.596423563,-74.08334396,7.0899922879999995,-73.84999903
50.83331708,4.3333166080000005,52.7038489,-8.864146567,48.94999534,-54.54998845
22.304980899999997,114.18500929999999,1.293033466,103.85582070000001
48.94999534,-54.54998845,52.7038489,-8.864146567
-31.43003375,-62.08996749,41.14000694,-104.8197107,41.82999066,-87.75005497
48.86669293,2.333335326,33.59997622,-7.616367433
37.76892071,-122.2211034,41.82999066,-87.75005497
48.86669293,2.333335326,30.04996035,31.24996822
48.86669293,2.333335326,43.61995892,1.449926716,33.59997622,-7.616367433
41.82999066,-87.75005497,41.469986799999994,-81.69499821
19.44244244,-99.1309882,19.17734235,-96.15998092
42.969998600000004,-81.24998661,52.34996869,4.9166401760000005
-42.99113686,147.3084139,9.93501243,-84.08405135
42.87997825,-78.88000208,41.82999066,-87.75005497
48.86669293,2.333335326,52.7038489,-8.864146567
25.7876107,-80.22410608,35.81878135,-78.64469344
31.21645245,121.4365047,14.60415895,120.98221720000001
42.969998600000004,-81.24998661,44.85001304,-0.595013063
19.04995994,-98.20003727,17.08268984,-96.66994979
40.79886497,-81.37863509,22.304980899999997,114.18500929999999
23.144981299999998,113.3250101,29.56497703,106.59498159999998
48.86669293,2.333335326,44.85001304,-0.595013063,38.72272288,-9.144866305
40.74997906,-73.98001693,35.81878135,-78.64469344
23.13195884,-82.36418217,38.72272288,-9.144866305,40.40002626,-3.6833516860000004
41.24000083,-96.00999007,39.73918805,-104.984016
41.89595563,12.48325842,30.04996035,31.24996822
10.95998863,-74.79996688,4.596423563,-74.08334396
4.153323994,-73.63499923,4.596423563,-74.08334396
43.71501772,7.265023965,48.86669293,2.333335326
6.2750032739999995,-75.57501001,9.93501243,-84.08405135
38.72272288,-9.144866305,14.71583173,-17.47313013
49.70049217,-112.8332784,49.27341658,-123.1216442
40.70042137,-74.17000533,39.29999005,-76.61998499,25.7876107,-80.22410608
43.28997906,5.37501013,45.77000856,4.830030475
-34.60250161,-58.39753137,-6.983825663999999,-60.26994938
24.86999229,66.99000891,41.10499615,29.01000159
3.866700662,11.51665076,4.060409769,9.709991006000001
40.70042137,-74.17000533,25.7876107,-80.22410608
48.86669293,2.333335326,46.117145,3.416680052
-34.60250161,-58.39753137,-33.45001382,-70.66704085
40.74997906,-73.98001693,42.87997825,-78.88000208
44.20266237,28.60997432,44.433371799999996,26.09994665
32.82002382,-96.84001693,-37.46000161,-72.35998661
43.28997906,5.37501013,35.71000246,-0.61997278
47.57000205,-122.33998500000001,58.31412661,-134.419997
-31.43003375,-62.08996749,41.82999066,-87.75005497,40.74997906,-73.98001693
37.49997072,15.07999914,41.89595563,12.48325842
61.21996991,-149.9002149,59.54730715,-139.72721830000003
61.21996991,-149.9002149,47.57000205,-122.33998500000001
21.1499868,-101.7000304,19.44244244,-99.1309882
50.83331708,4.3333166080000005,48.86669293,2.333335326
36.763064799999995,3.05055253,34.85997683,5.73002722
42.969998600000004,-81.24998661,23.13195884,-82.36418217
43.78000083,11.25000036,41.89595563,12.48325842
40.429998600000005,-79.99998539,32.47043276,-84.98001734
50.83331708,4.3333166080000005,42.969998600000004,-81.24998661
41.82999066,-87.75005497,25.7876107,-80.22410608
28.6699929,77.23000403,42.969998600000004,-81.24998661
4.596423563,-74.08334396,4.438913797,-75.2322144
-29.865013,30.98001054,-26.17004474,28.03000972,42.969998600000004,-81.24998661
40.70042137,-74.17000533,41.82999066,-87.75005497
22.20299746,113.54504840000001,22.304980899999997,114.18500929999999
2.419993102,-76.61001144,0.830374368,-77.64999964
41.82999066,-87.75005497,44.97997927,-93.25178634
-27.45503091,153.03509269999998,41.13980023,-102.9782727
53.55002464,-113.49998190000001,61.21996991,-149.9002149
45.4699752,9.20500891,50.83331708,4.3333166080000005
31.21645245,121.4365047,25.03583333,121.56833329999999
4.596423563,-74.08334396,10.95998863,-74.79996688
41.89595563,12.48325842,37.98332623,23.73332108
40.40002626,-3.6833516860000004,41.38329958,2.1833703190000002
-31.55002643,-68.51998845,25.7876107,-80.22410608
37.98332623,23.73332108,43.71501772,7.265023965
47.57000205,-122.33998500000001,41.33038291,-72.90000533
35.81878135,-78.64469344,42.32996014,-71.07001367
-30.05001463,-51.20001205,-28.65960854,-56.00997685
59.64293439,-151.54827969999997,61.21996991,-149.9002149
-9.289628073,-75.9899976,-9.920028871,-76.24000818
42.969998600000004,-81.24998661,55.87440472,-4.250707236
14.60415895,120.98221720000001,22.304980899999997,114.18500929999999
-36.850013,174.76498080000002,-41.29997394,174.7832743
-31.55002643,-68.51998845,25.7876107,-80.22410608
47.57000205,-122.33998500000001,41.82999066,-87.75005497
-23.55867959,-46.62501998,-30.05001463,-51.20001205
41.89595563,12.48325842,52.7038489,-8.864146567
54.60001223,-5.960034425,53.50041526,-2.2479871030000003
35.59701194,-105.2225027,39.73918805,-104.984016
48.86669293,2.333335326,-29.68331867,-53.80000838
42.32996014,-71.07001367,29.99500246,-90.03996688
39.99997316,-75.16999597,41.469986799999994,-81.69499821
50.83331708,4.3333166080000005,59.91669029,10.74997921
48.86669293,2.333335326,36.80277814,10.1796781
37.76892071,-122.2211034,38.57502138,-121.47003810000001
19.44244244,-99.1309882,20.96663881,-89.61663355
10.70504295,122.5450158,14.60415895,120.98221720000001
52.34996869,4.9166401760000005,42.969998600000004,-81.24998661
49.83035504,18.24998653,50.08333701,14.46597978
-0.21498818100000003,-78.50005111,-2.220033754,-79.92004195
-32.61001341,-60.17998071,-12.969971899999999,-38.47998743
-42.99113686,147.3084139,10.72997683,-71.65997766
48.86669293,2.333335326,14.71583173,-17.47313013
36.763064799999995,3.05055253,16.26658978,-0.05000757
30.04996035,31.24996822,41.89595563,12.48325842
43.10117922,-75.23306706,40.70042137,-74.17000533
59.36713727,13.49994055,59.35075995,18.09733473
42.969998600000004,-81.24998661,55.87440472,-4.250707236
48.86669293,2.333335326,42.969998600000004,-81.24998661
30.04996035,31.24996822,46.21000755,6.140028034,42.969998600000004,-81.24998661
46.59274904,-112.03529099999999,46.0038961,-112.5338394
41.89595563,12.48325842,48.86669293,2.333335326
39.72862022,-121.8363982,45.78830202,-108.5400004
33.59997622,-7.616367433,42.69998924,2.899967406
20.96663881,-89.61663355,10.50099855,-66.91703719
49.27341658,-123.1216442,49.50037518,-119.58327990000001
40.70042137,-74.17000533,39.99997316,-75.16999597
44.97997927,-93.25178634,47.57000205,-122.33998500000001
48.86669293,2.333335326,41.89595563,12.48325842
4.060409769,9.709991006000001,13.51670595,2.116656045
39.11358052,-94.63014638,41.24000083,-96.00999007,42.50038902,-96.39999211
-54.79000324,-68.31000126,-34.60250161,-58.39753137
-29.68331867,-53.80000838,-37.67001463,-72.01998153,-37.46000161,-72.35998661
13.74999921,100.5166447,22.304980899999997,114.18500929999999
25.7876107,-80.22410608,23.13195884,-82.36418217
41.469986799999994,-81.69499821,41.08039817,-85.12998234,41.68330711,-86.25001734,41.82999066,-87.75005497
-26.17004474,28.03000972,5.5500346060000005,-0.21671574,6.31055666,-10.80475163,40.74997906,-73.98001693
40.7750163,-111.93005190000001,39.73918805,-104.984016
-9.619995505,-35.72997441,-10.90002073,-37.11996708
38.2008065,-84.87335718,44.85001304,-0.595013063
49.27341658,-123.1216442,35.68501691,139.7514074
-17.41001097,-66.16997685,-22.92502317,-43.22502079
42.32996014,-71.07001367,41.77002016,-72.67996708,41.469986799999994,-81.69499821,41.82999066,-87.75005497,37.76892071,-122.2211034
42.69998924,2.899967406,35.71000246,-0.61997278
37.76892071,-122.2211034,35.10497479,-106.64133079999999
39.92723859,32.86439164,30.04996035,31.24996822
60.00001853,-111.8833364,40.70042137,-74.17000533
40.429998600000005,-79.99998539,42.87997825,-78.88000208
42.87997825,-78.88000208,40.70042137,-74.17000533
-31.43003375,-62.08996749,47.57000205,-122.33998500000001
43.71501772,7.265023965,48.86669293,2.333335326
41.89595563,12.48325842,38.2008065,-84.87335718
35.68501691,139.7514074,34.75003522,135.46014480000002
39.11358052,-94.63014638,33.53997988,-112.06999170000002
-23.55867959,-46.62501998,-22.33002073,-49.08001225
37.50914329,22.37939856,11.99997683,8.5200378
-22.92502317,-43.22502079,-34.60250161,-58.39753137
-17.81959837,-50.92997685,-16.72002724,-49.30002466
4.8299751980000005,31.58002559,21.80002464,31.34996212
-23.55867959,-46.62501998,-30.05001463,-51.20001205
47.50029055,-111.29998700000002,39.73918805,-104.984016
42.68334943,23.31665401,43.21564252,27.89528926
40.40002626,-3.6833516860000004,23.13195884,-82.36418217
30.33074424,48.279678100000005,35.67194277,51.42434403
39.22239789,9.103981485,41.89595563,12.48325842
-27.80958291,-50.30998885,48.94999534,-54.54998845
25.7876107,-80.22410608,28.50997683,-81.38003036,29.99500246,-90.03996688
24.86999229,66.99000891,16.783354100000004,96.16667761
16.46998822,107.5800378,16.06003908,108.2499711
33.39453656,-104.5224679,37.76892071,-122.2211034
-37.46000161,-72.35998661,-31.43003375,-62.08996749,37.76892071,-122.2211034
32.82002382,-96.84001693,32.50001752,-93.77002344
52.34996869,4.9166401760000005,48.86669293,2.333335326
21.30687644,-157.85799790000002,37.76892071,-122.2211034
41.89595563,12.48325842,33.87197512,35.50970821
48.86669293,2.333335326,43.71501772,7.265023965,22.304980899999997,114.18500929999999
36.600258200000006,-121.8935781,47.21131594,-122.5150131
-24.21962116,-64.87000452,12.56213711,-81.69032658
42.32996014,-71.07001367,41.77002016,-72.67996708,-35.016946600000004,117.8916048,41.82999066,-87.75005497
39.92723859,32.86439164,38.49543968,43.39997595
39.99997316,-75.16999597,38.22501691,-85.74870427
50.09997683,8.67501542,50.83331708,4.3333166080000005
-33.92001097,151.18517980000001,21.30687644,-157.85799790000002,-31.43003375,-62.08996749
43.24998151,-2.929986818,40.40002626,-3.6833516860000004
41.89595563,12.48325842,42.969998600000004,-81.24998661
6.2750032739999995,-75.57501001,4.534282653,-75.68112757
40.7750163,-111.93005190000001,37.67742759,-113.061094,44.08055096,-103.2305571
23.22110069,-106.4200007,36.600258200000006,-121.8935781
36.99498863,35.32000403,41.10499615,29.01000159
41.89595563,12.48325842,30.04996035,31.24996822
-32.88333006,-68.81661117,18.92038129,-96.91998621
-18.87002521,-41.97000696,-19.91502602,-43.91500452
-23.55867959,-46.62501998,-30.05001463,-51.20001205
46.21000755,6.140028034,42.969998600000004,-81.24998661
1.293033466,103.85582070000001,22.304980899999997,114.18500929999999,13.74999921,100.5166447
35.11998679999999,-89.99999516,44.97997927,-93.25178634
52.7038489,-8.864146567,52.34996869,4.9166401760000005
-8.368909079,-74.53499597,-12.04801268,-77.05006209
40.70042137,-74.17000533,47.21131594,-122.5150131
42.969998600000004,-81.24998661,55.87440472,-4.250707236
39.16188479,-84.45692265,41.469986799999994,-81.69499821
40.70042137,-74.17000533,41.57998008,-93.61998092,-34.88000405,-61.53994938
21.16995974,79.08999385,28.6699929,77.23000403
6.450031351,7.499996703,4.960406513,8.330023557999999
50.83331708,4.3333166080000005,41.89595563,12.48325842
35.67078005,-80.47447840000001,-15.41664427,28.28332759
20.67709576,-105.24498190000001,20.67001609,-103.3300342
40.70042137,-74.17000533,41.82999066,-87.75005497,38.63501772,-90.23998051,44.05194806,-122.97803390000001,36.12000327,-95.93002079
-38.33999957,141.59000319999998,21.30687644,-157.85799790000002
30.68002525,-88.04998499,32.85038373,-83.63004806
22.304980899999997,114.18500929999999,-6.174417705,106.82943759999999
3.866700662,11.51665076,4.060409769,9.709991006000001
-23.55867959,-46.62501998,-25.29640298,-57.64150517
16.84999086,-99.91597905,17.08268984,-96.66994979
39.11358052,-94.63014638,41.82999066,-87.75005497
44.05194806,-122.97803390000001,38.63501772,-90.23998051
53.55002464,-113.49998190000001,62.44201418,-114.3969814
41.89595563,12.48325842,37.50914329,22.37939856
39.73918805,-104.984016,40.7750163,-111.93005190000001,-31.43003375,-62.08996749
39.73918805,-104.984016,-38.33999957,141.59000319999998
47.57000205,-122.33998500000001,40.70042137,-74.17000533
-23.55867959,-46.62501998,-1.450003236,-48.48002303
25.7876107,-80.22410608,34.75432436,-77.43055567
48.15001833,17.11698075,48.73044802,21.25001013
44.03995913,-64.72001367,55.87440472,-4.250707236
40.429998600000005,-79.99998539,40.70042137,-74.17000533
47.57000205,-122.33998500000001,-38.33999957,141.59000319999998
61.21996991,-149.9002149,60.12616070000001,-149.46998269999997
-1.450003236,-48.48002303,-2.6100357880000002,-56.74000981
11.99997683,8.5200378,37.50914329,22.37939856
11.99997683,8.5200378,37.50914329,22.37939856
-37.46000161,-72.35998661,39.11358052,-94.63014638
-34.60250161,-58.39753137,-33.13003335,-64.34998458
16.783354100000004,96.16667761,21.96998842,96.08502885
49.27341658,-123.1216442,22.304980899999997,114.18500929999999
21.30687644,-157.85799790000002,-31.43003375,-62.08996749
63.41665753,10.41666622,59.91669029,10.74997921
3.872402425,-77.05045329,3.399959126,-76.49996647
41.89595563,12.48325842,48.86669293,2.333335326
4.596423563,-74.08334396,6.2750032739999995,-75.57501001,5.6904136339999996,-76.66000838
49.27341658,-123.1216442,43.69997988,-79.42002079
41.89595563,12.48325842,45.4699752,9.20500891
-34.60250161,-58.39753137,-32.88333006,-68.81661117
-17.39998574,-63.72999658,12.15301658,-86.26849166
36.80277814,10.1796781,48.86669293,2.333335326
64.83698427,-147.7106586,47.57000205,-122.33998500000001
52.34996869,4.9166401760000005,53.50041526,-2.2479871030000003
10.31997601,123.9000752,14.60415895,120.98221720000001
-17.41001097,-66.16997685,-17.97995034,-67.12999577
35.67194277,51.42434403,41.10499615,29.01000159
52.25000063,20.99999955,55.75216412,37.61552283
50.71707094,-127.4999801,49.27341658,-123.1216442
10.60039817,-66.9699797,8.59997764,-70.25001205
14.06956626,121.3226098,-30.05001463,-51.20001205,-34.85804157,-56.17105229
42.969998600000004,-81.24998661,54.60001223,-5.960034425
-34.60250161,-58.39753137,-17.39998574,-63.72999658
-34.60250161,-58.39753137,-32.95112954,-60.66630762,-27.48996417,-58.80998682
48.12994204,11.57499345,53.50041526,-2.2479871030000003
37.98332623,23.73332108,30.04996035,31.24996822
-0.21498818100000003,-78.50005111,0.9304199409999999,-79.6699797
40.74997906,-73.98001693,42.32996014,-83.08005579,43.4194802,-83.95082951,41.82999066,-87.75005497
-2.220033754,-79.92004195,-0.21498818100000003,-78.50005111
41.65000165,-0.8899821379999999,41.38329958,2.1833703190000002
40.429998600000005,-79.99998539,39.29999005,-76.61998499
-31.43003375,-62.08996749,1.293033466,103.85582070000001
20.67001609,-103.3300342,19.44244244,-99.1309882
-27.57998452,-48.52002059,-25.420013,-49.3199976
35.68501691,139.7514074,35.15499758,136.91499140000002
52.34996869,4.9166401760000005,52.7038489,-8.864146567,48.94999534,-54.54998845,40.74997906,-73.98001693
33.87197512,35.50970821,41.89595563,12.48325842
41.89595563,12.48325842,44.81864545,20.46799068
-14.81962645,-66.84996118,-33.46613686,-67.54999597
42.22001853,-8.729994549,40.40002626,-3.6833516860000004
35.67078005,-80.47447840000001,-4.2591857719999995,15.28468949,43.71501772,7.265023965,48.86669293,2.333335326
-22.92502317,-43.22502079,-23.55867959,-46.62501998
36.16997438,-86.77998499,35.97001243,-83.92003036
53.55002464,9.999999144,-22.92502317,-43.22502079
-34.60250161,-58.39753137,-38.00002033,-57.57998438
43.15401837,-93.20083338,46.8772278,-96.7894257
39.92723859,32.86439164,41.10499615,29.01000159
-18.50002195,-70.28998377,-18.94955524,-57.8499679
33.87197512,35.50970821,35.67194277,51.42434403
28.50997683,-81.38003036,33.83001385,-84.39994938
41.38329958,2.1833703190000002,40.40002626,-3.6833516860000004
-12.04801268,-77.05006209,-8.368909079,-74.53499597
-38.00002033,-57.57998438,-38.74002684,-62.2650214
4.596423563,-74.08334396,-12.04801268,-77.05006209
45.4699752,9.20500891,48.86669293,2.333335326
41.38329958,2.1833703190000002,42.969998600000004,-81.24998661
19.44244244,-99.1309882,20.96663881,-89.61663355
13.71000165,-89.20304122,25.7876107,-80.22410608
-23.55867959,-46.62501998,-22.92502317,-43.22502079
44.85001304,-0.595013063,12.65001467,-8.000039105
55.20000144,-162.7150916,61.21996991,-149.9002149
29.81997438,-95.33997929,32.82002382,-96.84001693
-37.46000161,-72.35998661,-29.68331867,-53.80000838,35.6265967,-120.68998229999998
37.98332623,23.73332108,40.69610638,22.88500077
27.94698793,-82.45862085,29.99500246,-90.03996688
41.82999066,-87.75005497,-37.46000161,-72.35998661
34.51669029,69.18326005,41.31170188,69.29493282
-22.92502317,-43.22502079,-23.55867959,-46.62501998
40.74997906,-73.98001693,25.7876107,-80.22410608
41.10499615,29.01000159,39.92723859,32.86439164
-21.74995278,-41.32002079,-22.92502317,-43.22502079
35.68501691,139.7514074,35.15499758,136.91499140000002
41.82999066,-87.75005497,25.7876107,-80.22410608
12.56213711,-81.69032658,6.2750032739999995,-75.57501001
25.7876107,-80.22410608,6.2750032739999995,-75.57501001,4.596423563,-74.08334396
39.16188479,-84.45692265,35.733489399999996,-81.34140222
30.04996035,31.24996822,1.5604073269999998,30.24000403
10.60039817,-66.9699797,8.930396748,-67.43997685
13.51670595,2.116656045,15.58807823,32.53417924
-25.29640298,-57.64150517,-34.60250161,-58.39753137
-34.60250161,-58.39753137,-33.45001382,-70.66704085
60.542776100000005,-145.7574962,61.21996991,-149.9002149
-19.91502602,-43.91500452,-22.92502317,-43.22502079
25.28655601,51.53296789,25.37138287,55.40647823
4.596423563,-74.08334396,-0.21498818100000003,-78.50005111
30.04996035,31.24996822,55.75216412,37.61552283
48.86669293,2.333335326,14.71583173,-17.47313013
52.25000063,20.99999955,55.75216412,37.61552283
14.89998069,-92.2699858,19.44244244,-99.1309882
46.21000755,6.140028034,41.89595563,12.48325842
42.32996014,-71.07001367,39.99997316,-75.16999597
41.89595563,12.48325842,44.40998822,8.930038613999999
44.08055096,-103.2305571,41.23237856,-111.9680341
47.66999595,-117.4199494,46.87224103,-113.99305259999998
39.86703554,-4.016716351,39.11358052,-94.63014638
-2.220033754,-79.92004195,-0.21498818100000003,-78.50005111
10.70504295,122.5450158,14.60415895,120.98221720000001
-15.56960651,-56.08498519,-3.100031719,-60.00001754
-34.60250161,-58.39753137,-12.04801268,-77.05006209
-38.73000161,-72.57999903,-33.45001382,-70.66704085
10.31997601,123.9000752,7.110016906,125.6299955
63.83329877,23.11666622,63.09998435,21.60001461
40.74997906,-73.98001693,19.44244244,-99.1309882
-6.174417705,106.82943759999999,-6.950029278,107.5700126
-7.249235821,112.75083329999998,-1.250015443,116.83001580000001
38.72272288,-9.144866305,-29.68331867,-53.80000838
41.89595563,12.48325842,30.04996035,31.24996822
37.50914329,22.37939856,11.99997683,8.5200378
-24.78335936,-65.41663782,18.92038129,-96.91998621,-34.60250161,-58.39753137
41.24000083,-96.00999007,39.73918805,-104.984016
41.82999066,-87.75005497,35.59701194,-105.2225027
9.033310363,38.70000443,15.33333925,38.93332353
52.7038489,-8.864146567,48.94999534,-54.54998845
48.86669293,2.333335326,34.02529909,-6.83613082
41.82999066,-87.75005497,27.94698793,-82.45862085
36.99498863,35.32000403,39.92723859,32.86439164
42.969998600000004,-81.24998661,42.69998924,2.899967406
38.72272288,-9.144866305,-8.075645326,-34.91560551
-31.55002643,-68.51998845,12.15301658,-86.26849166
-23.55867959,-46.62501998,-14.83337238,-64.89997685
-33.92001097,151.18517980000001,-35.28302855,149.1290262
39.92723859,32.86439164,35.16667645,33.36663489
-9.920028871,-76.24000818,-8.368909079,-74.53499597
10.960376199999999,-63.84998926,10.44999392,-64.18002079
5.059986998,-75.52000045,4.596423563,-74.08334396
39.92723859,32.86439164,36.99498863,35.32000403
15.58807823,32.53417924,41.89595563,12.48325842
21.30687644,-157.85799790000002,13.4700163,144.75001699999999
20.0250167,-75.82132573,23.13195884,-82.36418217
4.596423563,-74.08334396,4.153323994,-73.63499923
41.38329958,2.1833703190000002,39.48501752,-0.400012046,37.40501528,-5.980007366000001
30.04996035,31.24996822,33.87197512,35.50970821
41.82999066,-87.75005497,39.11358052,-94.63014638
49.83498008,24.02999548,43.59001243,39.72996741
22.304980899999997,114.18500929999999,13.74999921,100.5166447
-22.92502317,-43.22502079,38.72272288,-9.144866305
48.15001833,17.11698075,49.20039349,16.60998328
48.94999534,-54.54998845,50.09997683,8.67501542
16.46998822,107.5800378,16.06003908,108.2499711
50.09997683,8.67501542,48.86669293,2.333335326
-23.55867959,-46.62501998,-22.92502317,-43.22502079
-30.05001463,-51.20001205,-12.04801268,-77.05006209
7.1300932,-73.12588302,7.0899922879999995,-73.84999903
-1.450003236,-48.48002303,-3.100031719,-60.00001754
52.52181866,13.40154862,52.25000063,20.99999955
-22.92502317,-43.22502079,-15.78334023,-47.91605229
42.70316734,9.450006875,41.92706484,8.728293822000001
32.030718,-102.09749959999999,39.11358052,-94.63014638
35.16667645,33.36663489,39.92723859,32.86439164
25.7876107,-80.22410608,41.82999066,-87.75005497
7.216909606000001,124.24842609999999,7.110016906,125.6299955
39.11358052,-94.63014638,36.16997438,-86.77998499
35.67194277,51.42434403,33.87197512,35.50970821
-18.50002195,-70.28998377,-33.46613686,-67.54999597
46.21000755,6.140028034,43.71501772,7.265023965
42.45543052,14.21865637,41.89595563,12.48325842
4.060409769,9.709991006000001,6.4432616529999995,3.391531071
-23.55867959,-46.62501998,-22.92502317,-43.22502079
30.04996035,31.24996822,31.20001935,29.94999589
31.63999249,74.86999304,34.09997154,74.81500932
44.02205324,-92.46968937,40.70042137,-74.17000533
-36.850013,174.76498080000002,-37.69642129,176.1536299
55.75216412,37.61552283,52.31997052,104.24504759999999
50.64996909,3.0800080960000003,45.77000856,4.830030475
59.43387738,24.72804073,55.75216412,37.61552283
42.969998600000004,-81.24998661,42.69998924,2.899967406
60.45386679999999,22.25496171,60.09699618,19.94900447
39.29999005,-76.61998499,39.99997316,-75.16999597
30.04996035,31.24996822,25.70001914,32.6500378
-32.95112954,-60.66630762,-34.60250161,-58.39753137
41.10499615,29.01000159,39.92723859,32.86439164
26.53327578,-78.70001306,26.74501996,-80.12362126
42.32996014,-83.08005579,41.07039878,-81.51999597
7.216909606000001,124.24842609999999,8.171244118999999,124.2153531
19.44244244,-99.1309882,29.99500246,-90.03996688
31.58596478,130.561064,33.24322797,131.59789990000002
42.969998600000004,-81.24998661,47.28040733,11.4099906
4.81038983,-75.67999068,4.596423563,-74.08334396
40.74997906,-73.98001693,42.32996014,-71.07001367
45.78830202,-108.5400004,46.4088843,-105.8399844,47.10858319,-104.7104926,41.13980023,-102.9782727
21.30687644,-157.85799790000002,-31.43003375,-62.08996749
-34.60250161,-58.39753137,-12.04801268,-77.05006209
24.15207745,120.68166699999999,23.00000307,120.20004270000001
41.89595563,12.48325842,37.98332623,23.73332108
35.97001243,-83.92003036,30.72376935,-95.55058659
-33.59951373,150.73998730000002,34.75432436,-77.43055567
42.84998008,-2.669976849,-22.92502317,-43.22502079
53.33306114,-6.248905682,9.033310363,38.70000443
33.53997988,-112.06999170000002,35.59701194,-105.2225027
-31.43003375,-62.08996749,40.74997906,-73.98001693
41.469986799999994,-81.69499821,42.32996014,-83.08005579,39.73918805,-104.984016
-33.45001382,-70.66704085,-34.60250161,-58.39753137
34.75003522,135.46014480000002,35.68501691,139.7514074
14.60415895,120.98221720000001,13.61915448,123.1813594
4.596423563,-74.08334396,7.1300932,-73.12588302
47.57000205,-122.33998500000001,41.23237856,-111.9680341
24.86999229,66.99000891,30.04996035,31.24996822,46.21000755,6.140028034,42.969998600000004,-81.24998661
-37.46000161,-72.35998661,39.11358052,-94.63014638
49.27341658,-123.1216442,60.71671897,-135.0499844
22.304980899999997,114.18500929999999,16.06003908,108.2499711
8.96801719,-79.53303715,25.7876107,-80.22410608
-15.00002887,-59.95002059,-8.750022767,-63.90001205
50.64996909,3.0800080960000003,51.11043194,17.03000932
22.304980899999997,114.18500929999999,16.06003908,108.2499711
10.31997601,123.9000752,10.63168825,122.98168170000001
4.596423563,-74.08334396,7.1300932,-73.12588302
14.60415895,120.98221720000001,11.25043601,125.0000081
55.94832786,-3.219090618,42.969998600000004,-81.24998661
11.59501446,43.14800167,11.97344098,43.28556433
2.9310471789999997,-75.33024459,2.070376199,-74.64002832
39.73918805,-104.984016,40.7750163,-111.93005190000001
42.32996014,-71.07001367,40.70042137,-74.17000533
14.60415895,120.98221720000001,13.16998293,123.75000690000002
46.21000755,6.140028034,48.86669293,2.333335326
50.09997683,8.67501542,53.08000165,8.80002071
32.71178754,74.84673865,31.63999249,74.86999304,28.6699929,77.23000403
50.83331708,4.3333166080000005,45.4699752,9.20500891
22.304980899999997,114.18500929999999,35.68501691,139.7514074
35.68501691,139.7514074,22.304980899999997,114.18500929999999
33.87197512,35.50970821,50.09997683,8.67501542
35.16667645,33.36663489,30.04996035,31.24996822
36.600258200000006,-121.8935781,34.1810777,-97.12940495
42.32996014,-83.08005579,39.11358052,-94.63014638
-10.98301308,-66.10000696,-17.41001097,-66.16997685
39.11358052,-94.63014638,41.24000083,-96.00999007
51.88035911,-0.420010825,46.05528831,14.51496903
-20.72386554,139.490028,-23.44959064,144.25004760000002
4.596423563,-74.08334396,10.95998863,-74.79996688
44.05001019,-123.10001609999999,-38.33999957,141.59000319999998
34.75003522,135.46014480000002,33.84554262,132.765839
50.09997683,8.67501542,52.52181866,13.40154862
55.75216412,37.61552283,-4.2591857719999995,15.28468949
25.7876107,-80.22410608,4.596423563,-74.08334396
4.596423563,-74.08334396,3.399959126,-76.49996647
53.50041526,-2.2479871030000003,50.09997683,8.67501542
-23.55867959,-46.62501998,-25.420013,-49.3199976
23.13195884,-82.36418217,19.44244244,-99.1309882
15.50002159,-88.02998621,14.1020449,-87.21752934
41.89595563,12.48325842,6.31055666,-10.80475163
40.429998600000005,-79.99998539,39.750376,-84.19998743
-33.97003375,25.60002885,-32.97004311,27.87001949
36.763064799999995,3.05055253,22.78500327,5.5228047270000005
55.87440472,-4.250707236,53.33306114,-6.248905682
-33.46613686,-67.54999597,23.22110069,-106.4200007
37.566349100000004,126.99973100000001,22.304980899999997,114.18500929999999
48.94999534,-54.54998845,23.13195884,-82.36418217
37.98332623,23.73332108,35.16667645,33.36663489
36.7204059,-4.419999228,42.969998600000004,-81.24998661
39.16188479,-84.45692265,-37.46000161,-72.35998661
-37.46000161,-72.35998661,39.16188479,-84.45692265
-9.920028871,-76.24000818,-9.289628073,-75.9899976
39.73918805,-104.984016,41.86750775,-103.6606859
13.74999921,100.5166447,18.7999752,98.98004594
30.04996035,31.24996822,33.87197512,35.50970821
21.30687644,-157.85799790000002,49.27341658,-123.1216442
22.304980899999997,114.18500929999999,25.03583333,121.56833329999999
56.01398277,92.86600053,54.87999514,69.22000199
51.89860089,-8.49577112,42.969998600000004,-81.24998661
40.69998212,-89.67004114,38.63501772,-90.23998051
21.87945992,-102.2904135,19.44244244,-99.1309882
-22.57000608,17.0835461,-8.838286114,13.23442704
13.74999921,100.5166447,24.86999229,66.99000891
50.83331708,4.3333166080000005,6.4432616529999995,3.391531071
41.89595563,12.48325842,45.4699752,9.20500891
42.969998600000004,-81.24998661,47.28040733,11.4099906
44.65002525,-63.60000452,-29.68331867,-53.80000838
30.04996035,31.24996822,33.500034,36.29999589
41.92706484,8.728293822000001,43.71501772,7.265023965
6.4432616529999995,3.391531071,4.810002257,7.010000772000001
42.32996014,-71.07001367,44.25997154,-72.57581323
35.68501691,139.7514074,-31.43003375,-62.08996749
-37.46000161,-72.35998661,-13.7600012,-65.57996118
42.32996014,-83.08005579,42.12992067,-80.08499313,53.80003522,-1.749981325
64.83698427,-147.7106586,70.29218101,-148.66935980000002
-31.43003375,-62.08996749,61.21996991,-149.9002149
44.97997927,-93.25178634,41.82999066,-87.75005497,43.05265505,-87.91996708
64.83698427,-147.7106586,60.79330345,-161.7557961
-31.95501463,115.8399987,-20.31040241,118.6060315
26.07999595,-98.30003117,22.30001996,-97.87000574
22.63330711,120.26660190000001,23.98374147,121.60000890000002
50.09997683,8.67501542,42.969998600000004,-81.24998661
53.80003522,-1.749981325,42.12992067,-80.08499313,42.32996014,-83.08005579
-37.46000161,-72.35998661,47.57000205,-122.33998500000001
16.46998822,107.5800378,16.06003908,108.2499711
-37.46000161,-72.35998661,39.73918805,-104.984016,43.05265505,-87.91996708
22.63330711,120.26660190000001,25.03583333,121.56833329999999
10.72997683,-71.65997766,25.7876107,-80.22410608
21.51688946,39.21919755,24.08750775,32.8989115
35.11998679999999,-89.99999516,29.99500246,-90.03996688
24.79041058,92.79003617,22.839987,89.56000077
42.32662701,-122.8744227,40.59998822,-75.50002751
41.89595563,12.48325842,38.11499778,15.64136023
19.44244244,-99.1309882,36.600258200000006,-121.8935781
40.74997906,-73.98001693,40.70042137,-74.17000533
48.86669293,2.333335326,31.70234011,6.0544518620000005
4.596423563,-74.08334396,4.153323994,-73.63499923
49.27341658,-123.1216442,50.01708783,-125.2499882
41.82999066,-87.75005497,19.44244244,-99.1309882
-17.75391762,-63.22599634,-33.46613686,-67.54999597
11.99997683,8.5200378,6.4432616529999995,3.391531071
46.12551658,-67.83971989,-38.33999957,141.59000319999998
-13.84154504,-171.7386416,-14.2766105,-170.70664509999997
15.910358300000002,-85.9600092,-7.169602437999999,-76.73997766
42.32996014,-83.08005579,41.82999066,-87.75005497
27.71669191,85.31664221,28.6699929,77.23000403
41.469986799999994,-81.69499821,42.32996014,-83.08005579
-27.48996417,-58.80998682,-32.95112954,-60.66630762
44.433371799999996,26.09994665,47.04998212,21.91999508
18.47007285,-69.90008508,-31.55002643,-68.51998845
45.40000531,-71.89998885,40.70042137,-74.17000533
36.05478762,-112.1385922,35.59701194,-105.2225027
30.43998822,-9.620043581000001,33.59997622,-7.616367433
14.60415895,120.98221720000001,10.63168825,122.98168170000001
53.50041526,-2.2479871030000003,41.38329958,2.1833703190000002
43.69997988,-79.42002079,-37.46000161,-72.35998661
44.65002525,-63.60000452,41.13980023,-102.9782727
35.59701194,-105.2225027,32.82002382,-117.1799899
33.59997622,73.04002722,31.55997154,74.35002478
-31.55002643,-68.51998845,18.00038576,-66.61664209
-38.33999957,141.59000319999998,49.516679100000005,-115.7666653
37.71998313,-97.32998702,39.73918805,-104.984016,41.73593955,-111.8335979
-42.99113686,147.3084139,38.41957867,-82.44528833
-31.43003375,-62.08996749,40.70042137,-74.17000533
48.86669293,2.333335326,42.68334943,23.31665401
48.86669293,2.333335326,-33.27999835,149.0999841
20.96663881,-89.61663355,10.60039817,-66.9699797
-33.46613686,-67.54999597,-14.81962645,-66.84996118
53.50041526,-2.2479871030000003,42.32996014,-71.07001367
42.969998600000004,-81.24998661,45.32998374,14.45001176
-37.46000161,-72.35998661,40.7750163,-111.93005190000001
-17.75391762,-63.22599634,-18.50002195,-70.28998377
43.07497927,141.34004430000002,41.79497988,140.73997759999997
-31.43003375,-62.08996749,21.30687644,-157.85799790000002,14.60415895,120.98221720000001
55.02996014,82.96004187,52.31997052,104.24504759999999
43.07497927,141.34004430000002,35.68501691,139.7514074
-31.43003375,-62.08996749,-37.46000161,-72.35998661
46.49001629999999,30.71000118,52.31997052,104.24504759999999,43.13001467,131.9100256
61.21996991,-149.9002149,47.57000205,-122.33998500000001
53.55002464,9.999999144,36.7204059,-4.419999228
31.10209251,-97.36300826,32.47043276,-84.98001734
47.50000633,19.08332068,50.43336733,30.51662797
42.969998600000004,-81.24998661,47.81047833,13.0400203
35.59701194,-105.2225027,36.05478762,-112.1385922
42.32996014,-83.08005579,34.50395205,-93.05500248
41.82999066,-87.75005497,40.69998212,-89.67004114
-6.174417705,106.82943759999999,-0.960007305,100.36001340000001
25.03583333,121.56833329999999,22.304980899999997,114.18500929999999
25.7876107,-80.22410608,35.81878135,-78.64469344
-12.04801268,-77.05006209,-8.368909079,-74.53499597
41.24000083,-96.00999007,34.50395205,-93.05500248
33.500034,36.29999589,39.92723859,32.86439164
4.596423563,-74.08334396,12.56213711,-81.69032658
6.2750032739999995,-75.57501001,3.872402425,-77.05045329
59.35075995,18.09733473,44.81864545,20.46799068
4.596423563,-74.08334396,10.47999208,-73.25000981
16.53758099,104.772974,17.96669273,102.59998
41.82999066,-87.75005497,42.32996014,-83.08005579
6.931965758,79.85775061,25.22999615,55.27997432
30.04996035,31.24996822,12.77972251,45.00949011
-23.55867959,-46.62501998,-22.92502317,-43.22502079
41.89595563,12.48325842,41.46047833,15.55996985
9.033310363,38.70000443,41.89595563,12.48325842
41.89595563,12.48325842,38.12502301,13.35002722
10.97001385,106.83005770000001,10.35537437,107.08497759999999
-8.838286114,13.23442704,-12.37000853,13.54123002
64.83698427,-147.7106586,1.2671038079999999,-78.98549846
13.74999921,100.5166447,28.6699929,77.23000403
13.74999921,100.5166447,22.304980899999997,114.18500929999999
26.19755983,-97.69019759,30.26694969,-97.74277836
42.969998600000004,-81.24998661,50.83331708,4.3333166080000005
-31.55002643,-68.51998845,18.00038576,-66.61664209
41.82999066,-87.75005497,44.26867902,-88.40050623,43.75082949,-87.71442407
38.57502138,-121.47003810000001,-31.43003375,-62.08996749
26.229986800000002,78.18007523,28.6699929,77.23000403
-6.732988262,146.9900354,-9.464707826,147.19250359999998
-32.88333006,-68.81661117,-33.45001382,-70.66704085
61.21996991,-149.9002149,58.31412661,-134.419997
39.61542299,19.914742800000003,37.98332623,23.73332108
42.51460004,27.47464311,42.68334943,23.31665401
36.86548749,-87.48862390000001,38.05001467,-84.50002079
55.75216412,37.61552283,35.68501691,139.7514074
44.97997927,-93.25178634,44.94398663,-93.08497481
35.91709576,74.30000199,33.59997622,73.04002722
42.32996014,-83.08005579,38.05001467,-84.50002079
27.94698793,-82.45862085,43.07301556,-89.40111699
-31.55002643,-68.51998845,12.15301658,-86.26849166
43.69997988,-79.42002079,53.55002464,-113.49998190000001
21.51688946,39.21919755,6.4432616529999995,3.391531071
30.04996035,31.24996822,35.16667645,33.36663489
37.50914329,22.37939856,30.04996035,31.24996822
42.68334943,23.31665401,55.75216412,37.61552283
51.44999778,-2.583315472,47.58038902,7.590017047999999
43.20807192,-71.53804712,5.011126932,-9.038812907999999
55.75216412,37.61552283,52.05502545,113.46500159999998
29.81997438,-95.33997929,20.67709576,-105.24498190000001
31.95002525,35.93329993,40.18115074,44.51355139
-36.850013,174.76498080000002,-17.53336261,-149.56666940000002,21.30687644,-157.85799790000002,-37.46000161,-72.35998661
40.55833701,-85.65917485,38.63501772,-90.23998051
21.30687644,-157.85799790000002,21.98151227,-159.3710063
41.72500999,44.79079545,55.75216412,37.61552283
4.596423563,-74.08334396,10.39973859,-75.51439356
37.98332623,23.73332108,40.40002626,-3.6833516860000004
21.30687644,-157.85799790000002,-37.46000161,-72.35998661
42.96371991,-85.66994938,41.58039349,-87.33000309
35.36997154,-119.01998090000001,33.78696739,-118.1580439
-34.88000405,-61.53994938,41.24000083,-96.00999007
35.11998679999999,-89.99999516,33.21392743,-92.66251998,33.44210472,-94.03747481,32.82002382,-96.84001693
-22.92502317,-43.22502079,-19.91502602,-43.91500452
7.090664082000001,-70.76163456,7.920019143999999,-72.51997685
25.7876107,-80.22410608,-31.43003375,-62.08996749
41.89595563,12.48325842,33.87197512,35.50970821
35.22791302,-97.34414636,39.19402753,-96.59243514
-14.81962645,-66.84996118,-33.46613686,-67.54999597
40.429998600000005,-79.99998539,40.32708498,-78.92222172
1.610404275,-75.61999435,4.596423563,-74.08334396
38.43614968,27.15179401,41.10499615,29.01000159
-36.850013,174.76498080000002,-14.2766105,-170.70664509999997
-31.43003375,-62.08996749,21.30687644,-157.85799790000002,13.4700163,144.75001699999999
39.29999005,-76.61998499,33.83001385,-84.39994938
48.86669293,2.333335326,42.969998600000004,-81.24998661
39.16384849,-119.7663953,9.93501243,-84.08405135
22.304980899999997,114.18500929999999,-33.92001097,151.18517980000001
29.301143,-94.7974801,29.81997438,-95.33997929
7.1300932,-73.12588302,7.920019143999999,-72.51997685
13.10001304,103.2000468,11.55003013,104.9166345
12.65001467,-8.000039105,11.99997683,8.5200378
1.8099786569999998,-78.80998051,4.596423563,-74.08334396
10.44999392,-64.18002079,10.960376199999999,-63.84998926
37.98332623,23.73332108,41.89595563,12.48325842,40.74997906,-73.98001693
32.79237693,-79.99210474,35.20499453,-80.83003809,41.82999066,-87.75005497
35.59701194,-105.2225027,33.94194501,-117.39803859999999
35.18987917,-114.0522221,32.26109153,-107.7557848
39.74998842,-86.17004806,41.82999066,-87.75005497
35.52407066,-108.73399380000001,44.08055096,-103.2305571
-1.283346742,36.81665686,-26.17004474,28.03000972
-7.249235821,112.75083329999998,21.51688946,39.21919755
11.93042035,108.4199865,12.25003908,109.1700183
46.29181134,-119.29110130000001,47.57000205,-122.33998500000001
2.070376199,-74.64002832,1.610404275,-75.61999435
44.02662661,-116.9618895,-37.46000161,-72.35998661
52.52181866,13.40154862,47.50000633,19.08332068
38.43614968,27.15179401,41.10499615,29.01000159
18.47007285,-69.90008508,18.5410246,-72.33603459
60.55435162,-151.2580131,62.27135276,-145.3821961
34.59903668,-98.40997278,30.72376935,-95.55058659
14.60415895,120.98221720000001,8.171244118999999,124.2153531
6.2750032739999995,-75.57501001,25.7876107,-80.22410608
-23.55867959,-46.62501998,-22.33002073,-49.08001225
36.7477169,-119.7729841,-37.67001463,-72.01998153
8.240413024,-73.3500037,7.920019143999999,-72.51997685
7.920019143999999,-72.51997685,6.460340799,-71.74002446
47.21038576,-1.5900169290000001,52.09998395,23.69998979
23.98374147,121.60000890000002,25.03583333,121.56833329999999
48.86669293,2.333335326,30.43998822,-9.620043581000001
19.17734235,-96.15998092,12.15301658,-86.26849166
39.73918805,-104.984016,37.71998313,-97.32998702
50.08333701,14.46597978,33.500034,36.29999589
64.50610008,-165.4063744,63.77971031,-171.73107869999998
48.77997988,9.199996296,51.33540529,12.40998124
-6.174417705,106.82943759999999,-2.980039043,104.7500297
47.50000633,19.08332068,33.87197512,35.50970821
53.91666892,-122.7666515,58.45034568,-130.033288
4.596423563,-74.08334396,10.95998863,-74.79996688
-20.72386554,139.490028,-16.88783986,145.7633309
42.68334943,23.31665401,43.21564252,27.89528926
47.90042116,-91.82569767,40.83250633,-115.7619886
33.87197512,35.50970821,25.22999615,55.27997432
35.10497479,-106.64133079999999,35.52407066,-108.73399380000001
-3.990003236,-79.21000777,-2.220033754,-79.92004195
23.144981299999998,113.3250101,28.19996991,112.96999299999999
55.75216412,37.61552283,40.18115074,44.51355139
33.77735557,-116.53305259999999,-13.7600012,-65.57996118
58.31412661,-134.419997,55.3562193,-131.6639895
7.110016906,125.6299955,14.60415895,120.98221720000001
-8.838286114,13.23442704,55.75216412,37.61552283
37.98332623,23.73332108,48.86669293,2.333335326
50.08333701,14.46597978,48.15001833,17.11698075
45.78830202,-108.5400004,44.52321128,-109.05710069999999
35.67194277,51.42434403,37.566349100000004,126.99973100000001
-0.21498818100000003,-78.50005111,-2.89999225,-78.99999475
-12.04801268,-77.05006209,10.50099855,-66.91703719
10.78002545,106.69502720000001,13.74999921,100.5166447
51.28060244,-80.65798141,48.46658815,-81.33331486
48.00000165,37.82998002,45.36850852,36.4880981
43.52040428,16.46999182,41.10499615,29.01000159
41.10499615,29.01000159,36.88998212,30.69997595
13.10200258,-59.61652674,-42.99113686,147.3084139
19.01699038,72.8569893,13.08998781,80.27999874
4.153323994,-73.63499923,7.920019143999999,-72.51997685
52.7038489,-8.864146567,46.21000755,6.140028034
36.05478762,-112.1385922,39.73918805,-104.984016
30.04996035,31.24996822,13.74999921,100.5166447
15.910358300000002,-85.9600092,-6.50995278,-76.47996769
33.77735557,-116.53305259999999,35.59701194,-105.2225027
53.91666892,-122.7666515,54.31667035,-130.3299882
48.86669293,2.333335326,13.51670595,2.116656045
30.72376935,-95.55058659,33.83001385,-84.39994938
4.153323994,-73.63499923,4.596423563,-74.08334396
-53.16498615,-70.93999577,-33.45001382,-70.66704085
35.10497479,-106.64133079999999,32.31261293,-106.77780829999999
42.87997825,-78.88000208,39.26665875,-81.56164718
-2.220033754,-79.92004195,-2.89999225,-78.99999475
59.54730715,-139.72721830000003,61.21996991,-149.9002149
41.10499615,29.01000159,44.433371799999996,26.09994665
22.304980899999997,114.18500929999999,3.166665872,101.6999833
5.011126932,-9.038812907999999,30.45794578,-91.14015812
50.83331708,4.3333166080000005,32.64998252,-16.88003972
41.89595563,12.48325842,15.33333925,38.93332353
37.97469627,-87.5558291,36.16997438,-86.77998499
41.55398684,-90.58753036,41.55398684,-90.58753036
46.21000755,6.140028034,32.64998252,-16.88003972
-31.43003375,-62.08996749,40.7750163,-111.93005190000001
29.81997438,-95.33997929,30.26694969,-97.74277836
-2.220033754,-79.92004195,-2.89999225,-78.99999475
5.011126932,-9.038812907999999,40.55833701,-85.65917485
-30.41598712,-56.48602014,-34.85804157,-56.17105229
46.29181134,-119.29110130000001,47.57000205,-122.33998500000001
51.08299176,-114.0799982,49.516679100000005,-115.7666653
59.05656031,-158.4803121,61.21996991,-149.9002149
36.32502952,-119.3160094,-37.67001463,-72.01998153,-29.68331867,-53.80000838
-37.46000161,-72.35998661,21.30687644,-157.85799790000002
10.50099855,-66.91703719,10.44999392,-64.18002079
35.61486615,-88.81389185,31.69737917,-89.1392725
48.86669293,2.333335326,37.566349100000004,126.99973100000001
-14.2766105,-170.70664509999997,-13.84154504,-171.7386416
4.596423563,-74.08334396,10.95998863,-74.79996688
61.21996991,-149.9002149,60.78415672,-148.67767969999997
25.7876107,-80.22410608,30.42112632,-87.21693506,30.68002525,-88.04998499
43.69997988,-79.42002079,49.88298749,-97.16599186
39.11358052,-94.63014638,36.89739768,-104.43988900000001
35.59701194,-105.2225027,-13.7600012,-65.57996118
-16.52959959,28.80004024,35.67078005,-80.47447840000001
19.44244244,-99.1309882,19.73338076,-101.189493
58.68870323,-156.6613784,57.78999839,-152.4069869
41.17997866,-73.19996118,-35.016946600000004,117.8916048
-37.46000161,-72.35998661,32.82002382,-117.1799899
62.89428632,27.69493974,60.17556337,24.93412634
21.51688946,39.21919755,6.931965758,79.85775061
37.71998313,-97.32998702,38.87936973,-99.322191
7.920019143999999,-72.51997685,7.090664082000001,-70.76163456
55.3562193,-131.6639895,55.21397992,-132.8006385
41.89595563,12.48325842,38.12502301,13.35002722
39.73918805,-104.984016,-38.33999957,141.59000319999998
42.73352724,-84.54673629,46.54673118,-87.40658757
-22.33002073,-49.08001225,-23.55867959,-46.62501998
-16.52959959,28.80004024,35.67078005,-80.47447840000001
-38.64478717,178.01522169999998,-36.850013,174.76498080000002
5.011126932,-9.038812907999999,35.20499453,-80.83003809
29.81997438,-95.33997929,30.367563699999998,-89.09276371,29.99500246,-90.03996688
-8.650028871,115.21998490000001,-7.249235821,112.75083329999998
31.95002525,35.93329993,25.28655601,51.53296789
55.75216412,37.61552283,46.49001629999999,30.71000118
-0.21498818100000003,-78.50005111,-2.89999225,-78.99999475
67.08648521,-157.8514091,66.9072455,-156.8809774
61.21996991,-149.9002149,60.55435162,-151.2580131
9.93501243,-84.08405135,21.30687644,-157.85799790000002
37.98332623,23.73332108,21.51688946,39.21919755
41.31170188,69.29493282,48.00000165,37.82998002
42.22500531,-121.78053590000002,42.32662701,-122.8744227
39.084008399999995,-84.50859908,36.16997438,-86.77998499
46.21000755,6.140028034,37.98332623,23.73332108,39.92889223,116.38828570000001
61.21996991,-149.9002149,61.21996991,-149.9002149
-37.46000161,-72.35998661,19.44244244,-99.1309882
44.41652529,-118.9520264,11.66999697,78.18007523
41.23237856,-111.9680341,35.59701194,-105.2225027
21.51688946,39.21919755,24.86999229,66.99000891
-36.850013,174.76498080000002,-43.53503131,172.6300207
7.090664082000001,-70.76163456,4.596423563,-74.08334396
39.92723859,32.86439164,41.27999839,36.34366247
32.50001752,-93.77002344,30.45794578,-91.14015812
21.96998842,96.08502885,16.783354100000004,96.16667761
25.03583333,121.56833329999999,14.60415895,120.98221720000001
29.81997438,-95.33997929,31.70789532,-98.98231511
-23.55867959,-46.62501998,-27.57998452,-48.52002059
16.42004295,102.8300435,13.74999921,100.5166447
26.74501996,-80.12362126,29.99500246,-90.03996688
44.26867902,-88.40050623,44.97997927,-93.25178634,-34.88000405,-61.53994938
21.30687644,-157.85799790000002,21.98151227,-159.3710063
44.50042198,11.34002071,38.12502301,13.35002722
-12.04801268,-77.05006209,19.44244244,-99.1309882
24.64083315,46.77274166,21.51688946,39.21919755
10.95998863,-74.79996688,4.596423563,-74.08334396
61.21996991,-149.9002149,37.566349100000004,126.99973100000001
-6.183306052000001,35.75000362,-6.800012595,39.26834184
43.78000083,11.25000036,2.9310471789999997,-75.33024459
39.52997601,-119.82000959999999,40.97337628,-117.7346847
29.99500246,-90.03996688,35.61998212,111.2099971
-3.679996319,-49.71999903,-1.450003236,-48.48002303
66.04918418,-154.2549878,64.73329551,-156.92699530000002
39.16188479,-84.45692265,42.32996014,-83.08005579
39.73918805,-104.984016,44.28317425,-105.5052503
17.08268984,-96.66994979,15.85918031,-97.06588835
-0.21498818100000003,-78.50005111,-4.379591859,-79.94998845
43.23458193,-86.24836369,42.65185264,-83.29022384
39.11358052,-94.63014638,53.97038658,-1.0800222179999999
36.600258200000006,-121.8935781,28.64498151,-106.08498229999998
25.03583333,121.56833329999999,22.63330711,120.26660190000001
52.05502545,113.46500159999998,53.75001243,127.2665881
42.86661989,-106.3124878,26.20303754,-98.22972538
51.919969099999996,4.479974323,51.42997316,5.50001542
16.84999086,-99.91597905,20.67001609,-103.3300342
56.01398277,92.86600053,69.34001691,88.22499182
46.05528831,14.51496903,41.92706484,8.728293822000001
-33.92001097,18.43498816,-26.17004474,28.03000972
35.10497479,-106.64133079999999,24.03110292,-104.67003000000001
40.70042137,-74.17000533,42.32996014,-71.07001367
33.59501528,130.4100138,35.68501691,139.7514074
41.17997866,-73.19996118,41.33038291,-72.90000533,42.32996014,-71.07001367
4.153323994,-73.63499923,4.596423563,-74.08334396
23.144981299999998,113.3250101,25.279993100000002,110.280028
3.166665872,101.6999833,19.01699038,72.8569893
29.99500246,-90.03996688,35.59701194,-105.2225027
35.68501691,139.7514074,21.30687644,-157.85799790000002
55.75216412,37.61552283,49.61166038,6.130002806
55.3562193,-131.6639895,40.51728009,-107.55039679999999
-33.45001382,-70.66704085,-29.89999795,-71.24997685
42.32996014,-83.08005579,-37.46000161,-72.35998661
41.10499615,29.01000159,39.92723859,32.86439164
10.50099855,-66.91703719,10.04999249,-69.29996668
34.75432436,-77.43055567,33.83001385,-84.39994938
41.82999066,-87.75005497,40.70042137,-74.17000533
64.50610008,-165.4063744,67.08648521,-157.8514091
-2.220033754,-79.92004195,-0.21498818100000003,-78.50005111
25.7876107,-80.22410608,25.08339012,-77.35004378
39.0194387,125.75469070000001,9.531522846,-13.68023503
-0.21498818100000003,-78.50005111,-2.89999225,-78.99999475
45.4166968,-75.70001529999999,53.55002464,-113.49998190000001
35.59701194,-105.2225027,36.05478762,-112.1385922
55.74994204,49.12634477,55.15499127,61.43866817
61.21996991,-149.9002149,37.566349100000004,126.99973100000001
25.279993100000002,110.280028,39.92889223,116.38828570000001
24.86999229,66.99000891,24.46668357,54.36659338
35.19809572,-111.65050829999998,33.42391461,-111.73608440000001
34.73608258,-92.33109318,44.05194806,-122.97803390000001
44.05194806,-122.97803390000001,37.72683026,-89.22024947
-14.91000853,13.49001868,-8.838286114,13.23442704
37.71998313,-97.32998702,32.030718,-102.09749959999999
48.86669293,2.333335326,40.40002626,-3.6833516860000004,4.596423563,-74.08334396
40.40002626,-3.6833516860000004,41.89595563,12.48325842
6.2750032739999995,-75.57501001,25.7876107,-80.22410608
68.34997398,-133.6999893,69.38332176,-123.98332140000001
52.52181866,13.40154862,42.68334943,23.31665401
10.95998863,-74.79996688,4.596423563,-74.08334396
39.29999005,-76.61998499,42.32996014,-83.08005579
61.21996991,-149.9002149,63.39159446,-148.9507896
24.86999229,66.99000891,41.31170188,69.29493282
35.11998679999999,-89.99999516,41.82999066,-87.75005497
4.060409769,9.709991006000001,3.866700662,11.51665076
40.84002525,14.24501135,27.94698793,-82.45862085
-0.21498818100000003,-78.50005111,-2.220033754,-79.92004195
39.52997601,-119.82000959999999,40.80222394,-124.14749740000002
45.01997683,39.000037799999994,54.98998842,73.39995357
7.110016906,125.6299955,14.60415895,120.98221720000001
34.75432436,-77.43055567,27.94698793,-82.45862085
-25.29640298,-57.64150517,-33.46613686,-67.54999597
42.32996014,-83.08005579,39.11358052,-94.63014638
32.05001914,118.7799743,36.67498232,116.99501869999999
23.13195884,-82.36418217,12.15301658,-86.26849166
1.610404275,-75.61999435,3.399959126,-76.49996647
6.2750032739999995,-75.57501001,5.6904136339999996,-76.66000838
61.21996991,-149.9002149,61.21996991,-149.9002149
40.40002626,-3.6833516860000004,43.24998151,-2.929986818
25.03583333,121.56833329999999,-37.46000161,-72.35998661
4.596423563,-74.08334396,1.610404275,-75.61999435
-34.60250161,-58.39753137,-24.78335936,-65.41663782
33.21392743,-92.66251998,29.81997438,-95.33997929
32.82002382,-96.84001693,32.82002382,-117.1799899
36.16997438,-86.77998499,39.74998842,-86.17004806
37.98332623,23.73332108,41.89595563,12.48325842
38.22501691,-85.74870427,41.469986799999994,-81.69499821
-4.220015036,-69.93997929,4.596423563,-74.08334396
35.68501691,139.7514074,34.75003522,135.46014480000002
61.21996991,-149.9002149,62.27135276,-145.3821961
53.50041526,-2.2479871030000003,39.61542299,19.914742800000003
42.32996014,-71.07001367,32.60970074,-85.48083948
31.61002016,65.69494584,32.39172955,62.09681921
43.05265505,-87.91996708,33.83001385,-84.39994938
41.13980023,-102.9782727,-27.45503091,153.03509269999998
0.49044679700000005,29.45002641,-33.46613686,-67.54999597
40.79372316,-77.86024520000001,40.429998600000005,-79.99998539
61.21996991,-149.9002149,58.31412661,-134.419997
37.98332623,23.73332108,30.04996035,31.24996822
-23.55867959,-46.62501998,-19.91502602,-43.91500452
-33.23002724,-60.35002202,25.78998781,-108.99999820000001
42.32996014,-83.08005579,45.06160219,-83.43269576
-12.98304604,40.53234737,-25.95527749,32.58916296
19.44244244,-99.1309882,20.67709576,-105.24498190000001
41.89595563,12.48325842,37.98332623,23.73332108
13.71000165,-89.20304122,8.96801719,-79.53303715
6.931965758,79.85775061,4.16670819,73.49994747
36.05478762,-112.1385922,36.05478762,-112.1385922
53.18002138,44.99998165,44.94915428,34.0987349
9.536897195,31.65598995,15.58807823,32.53417924
42.83300437,-108.73259850000001,43.02816042,-108.3950481
34.73608258,-92.33109318,33.44210472,-94.03747481
32.50001752,-117.079996,-37.46000161,-72.35998661
42.969998600000004,-81.24998661,52.34996869,4.9166401760000005
-15.41664427,28.28332759,-25.95527749,32.58916296
31.55997154,74.35002478,34.00501609,71.53500281
53.89997744,27.56662716,52.52181866,13.40154862
36.05602785,103.7920003,30.67000002,104.0700195
33.3386485,44.39386877,31.95002525,35.93329993
1.8700008330000002,9.769987344,3.7500152780000002,8.783277546
5.319996967,-4.04004826,-22.92502317,-43.22502079
42.87134829,-112.44472340000002,40.7750163,-111.93005190000001
44.02662661,-116.9618895,35.59701194,-105.2225027
-4.205490385,152.14343069999998,-5.474615459,150.40998159999998
41.469986799999994,-81.69499821,42.32996014,-83.08005579
5.549982929,95.32001094,3.579973978,98.65004024
37.71998313,-97.32998702,39.11358052,-94.63014638
39.74626772,-75.54689803,34.62720034,-79.01190617
-31.55002643,-68.51998845,18.20151044,-67.13971094
-20.05000486,-63.51998356,-17.75391762,-63.22599634
31.61002016,65.69494584,34.51669029,69.18326005
-4.2591857719999995,15.28468949,48.86669293,2.333335326
19.44244244,-99.1309882,25.7876107,-80.22410608
-33.45001382,-70.66704085,-22.45001341,-68.91998987
39.92889223,116.38828570000001,29.56497703,106.59498159999998
42.32996014,-83.08005579,33.53997988,-112.06999170000002
6.996432107,100.47142779999999,7.876533426,98.3815295
47.21131594,-122.5150131,48.76013613,-122.48692690000001
-15.79000649,34.98994665,-13.98329507,33.78330196
39.73918805,-104.984016,43.60859011,-116.2274899
57.78999839,-152.4069869,59.64293439,-151.54827969999997
-41.29997394,174.7832743,-43.53503131,172.6300207
39.73918805,-104.984016,24.03110292,-104.67003000000001
25.03583333,121.56833329999999,-26.17004474,28.03000972
24.46668357,54.36659338,13.74999921,100.5166447
-8.368909079,-74.53499597,-12.04801268,-77.05006209
10.31997601,123.9000752,8.171244118999999,124.2153531
50.83331708,4.3333166080000005,44.85001304,-0.595013063
42.10139528,-102.8701915,42.82791424,-103.00307740000001
60.55435162,-151.2580131,61.21996991,-149.9002149
48.77997988,9.199996296,38.43614968,27.15179401
35.11998679999999,-89.99999516,32.50960349,-92.11919397
46.87224103,-113.99305259999998,46.59274904,-112.03529099999999
35.81878135,-78.64469344,-33.59951373,150.73998730000002
57.14001223,65.52999467,61.25994163,73.42501664
48.68368085,6.200024372000001,48.86669293,2.333335326
7.920019143999999,-72.51997685,10.39973859,-75.51439356
30.04996035,31.24996822,25.37138287,55.40647823
13.74999921,100.5166447,29.36971763,47.97830115
-29.11999388,26.22991288,-26.17004474,28.03000972
19.69999778,-155.0900273,21.30687644,-157.85799790000002
61.21996991,-149.9002149,62.95681479999999,-155.5957845
17.49871096,-88.18837447,29.99500246,-90.03996688
-27.45999184,-58.99002751,-27.3578321,-55.88510735
47.58038902,7.590017047999999,47.58038902,7.590017047999999
29.38997479,71.67499426,33.69999595,73.16663448
57.78573509,108.1119433,52.31997052,104.24504759999999
23.144981299999998,113.3250101,22.304980899999997,114.18500929999999
57.06039769,-135.32754939999998,37.22776512,-77.40223698
21.03332725,105.8500142,13.74999921,100.5166447
42.969998600000004,-81.24998661,41.89595563,12.48325842
-15.49999835,-70.13996708,-16.41999388,-71.53001144
31.149686499999998,-81.49165145,34.75432436,-77.43055567
14.71583173,-17.47313013,30.43998822,-9.620043581000001
39.46664654,-87.41387394,40.41720868,-86.87824772
42.969998600000004,-81.24998661,54.60001223,-5.960034425
-33.46613686,-67.54999597,-14.71958087,-68.41999455
43.28997906,5.37501013,48.86669293,2.333335326
45.70040041,9.669993448,-29.68331867,-53.80000838
1.293033466,103.85582070000001,3.166665872,101.6999833
35.59701194,-105.2225027,-13.7600012,-65.57996118
-37.46000161,-72.35998661,21.30687644,-157.85799790000002,-36.850013,174.76498080000002,41.13980023,-102.9782727
49.78332949,-92.83333643,49.88298749,-97.16599186
7.920019143999999,-72.51997685,7.090664082000001,-70.76163456
35.11998679999999,-89.99999516,35.61499534,-87.03526656
52.52181866,13.40154862,55.75216412,37.61552283
34.51669029,69.18326005,31.11200108,61.88699752
4.060409769,9.709991006000001,3.866700662,11.51665076
39.29999005,-76.61998499,39.178731299999995,-78.16663477
39.73918805,-104.984016,41.82999066,-87.75005497
6.919976826,122.0800313,14.60415895,120.98221720000001
-11.79004393,19.90001501,-11.88957273,22.90003861
21.51688946,39.21919755,37.50914329,22.37939856
-36.850013,174.76498080000002,-43.53503131,172.6300207
31.32727256,-89.2902452,30.367563699999998,-89.09276371
42.32662701,-122.8744227,42.32662701,-122.8744227
35.91709576,74.30000199,33.69999595,73.16663448
35.67078005,-80.47447840000001,37.413619399999995,-79.14246668
-5.349971905,-49.11597905,-1.450003236,-48.48002303
59.91669029,10.74997921,53.55002464,9.999999144
18.53001752,73.85000362,17.39998313,78.47995357
12.15301658,-86.26849166,14.1020449,-87.21752934
4.596423563,-74.08334396,3.399959126,-76.49996647
-10.82999917,-65.4099974,-17.75391762,-63.22599634
57.14001223,65.52999467,54.78997479,56.04003129
39.73918805,-104.984016,38.47727541,-107.8655197
42.32996014,-83.08005579,38.22501691,-85.74870427
-4.770007305,11.88003943,-4.2591857719999995,15.28468949
40.80793418,-91.11276961,-35.016946600000004,117.8916048
44.69498374,-73.45798161,43.04999371,-76.15001367
-22.33002073,-49.08001225,-21.20998574,-50.45000615
-24.21962116,-64.87000452,14.1020449,-87.21752934
14.60415895,120.98221720000001,10.70504295,122.5450158
-1.450003236,-48.48002303,-3.1996122039999997,-52.21000208
52.47497398,-1.9199967869999999,36.7204059,-4.419999228
39.69585736,-104.808497,49.50037518,-119.58327990000001
25.7876107,-80.22410608,64.15002362,-21.95001449,48.94999534,-54.54998845
-22.12961953,-56.519997399999994,-33.46613686,-67.54999597
21.38082542,-77.91693425,20.0250167,-75.82132573
41.469986799999994,-81.69499821,39.74998842,-86.17004806
55.20000144,-162.7150916,54.85121136,-163.415023
10.50099855,-66.91703719,20.96663881,-89.61663355
32.47043276,-84.98001734,36.7477169,-119.7729841
-53.16498615,-70.93999577,-54.93330198,-67.61671025
39.73918805,-104.984016,38.86296246,-104.7919863
32.82002382,-117.1799899,35.22998008,-101.82999659999999,37.97469627,-87.5558291
41.24108604,-77.0013829,39.99997316,-75.16999597
33.83001385,-84.39994938,31.149686499999998,-81.49165145
-3.7166865860000002,128.2000195,0.7929606309999999,127.3630163,1.4800246369999999,124.84999140000001
29.99500246,-90.03996688,30.68002525,-88.04998499,52.47497398,-1.9199967869999999
21.51688946,39.21919755,13.06001548,5.240031289
42.32996014,-83.08005579,41.82999066,-87.75005497
44.433371799999996,26.09994665,45.75882062,21.22344844
11.99997683,8.5200378,12.65001467,-8.000039105
55.3562193,-131.6639895,56.47126752,-132.3715949
27.50613629,-99.50721847,29.81997438,-95.33997929
46.08334861,-64.76667749,-37.73119953,142.0234135
-2.209595114,113.9099873,-2.532934551,112.9500459
-31.43003375,-62.08996749,38.57502138,-121.47003810000001
36.05478762,-112.1385922,35.59701194,-105.2225027
41.89595563,12.48325842,30.72376935,-95.55058659
50.09997683,8.67501542,50.09997683,8.67501542
25.03583333,121.56833329999999,61.21996991,-149.9002149
36.05478762,-112.1385922,35.59701194,-105.2225027
45.77000856,4.830030475,48.57996625,7.750007282
-12.969971899999999,-38.47998743,-14.22958494,-42.78998275
47.57000205,-122.33998500000001,39.86703554,-4.016716351
52.34996869,4.9166401760000005,37.98332623,23.73332108
15.58807823,32.53417924,36.80277814,10.1796781
39.99997316,-75.16999597,51.46997072,-0.980028322
8.96801719,-79.53303715,3.399959126,-76.49996647
-31.55002643,-68.51998845,18.20151044,-67.13971094
67.46710797,86.58333492,54.98998842,73.39995357
-6.174417705,106.82943759999999,-7.249235821,112.75083329999998,-3.7166865860000002,128.2000195
19.04995994,-98.20003727,19.44244244,-99.1309882
-25.420013,-49.3199976,-22.92502317,-43.22502079
18.44002301,-66.72999435,18.00038576,-66.61664209
24.86999229,66.99000891,27.71669191,85.31664221
13.74999921,100.5166447,27.71669191,85.31664221
32.05001914,118.7799743,24.44999208,118.080017
48.00000165,37.82998002,57.01002016,41.00999263
4.153323994,-73.63499923,1.198310566,-70.17360844
6.4432616529999995,3.391531071,10.52001548,7.440000365
-6.966617412000001,110.42001950000001,-6.950029278,107.5700126
10.78002545,106.69502720000001,12.25003908,109.1700183
23.144981299999998,113.3250101,25.279993100000002,110.280028
19.42037661,-102.0700078,20.67001609,-103.3300342
52.34996869,4.9166401760000005,37.017080299999996,-7.933273154
53.08000165,8.80002071,48.86669293,2.333335326
3.579973978,98.65004024,5.549982929,95.32001094,-6.174417705,106.82943759999999
42.00000612,21.43346147,47.37998781,8.55001013
35.10497479,-106.64133079999999,37.76892071,-122.2211034
-8.368909079,-74.53499597,15.910358300000002,-85.9600092
31.21645245,121.4365047,-37.46000161,-72.35998661
39.16188479,-84.45692265,44.36833701,-100.35055200000001
-15.41664427,28.28332759,0.38538861,9.457965046,14.71583173,-17.47313013
8.96801719,-79.53303715,6.2750032739999995,-75.57501001
41.6000047,41.63000647,40.39527203,49.86221716
38.46797365,106.2730375,39.92889223,116.38828570000001
37.566349100000004,126.99973100000001,34.80680178,126.3958402
27.71669191,85.31664221,27.25036379,77.50001339
42.02871238,-97.43359827,20.145293600000002,-75.20614364
43.59001243,39.72996741,43.02002138,41.02001786
41.72500999,44.79079545,43.02002138,41.02001786
43.02002138,41.02001786,41.72500999,44.79079545
63.41665753,10.41666622,64.48331077,11.50001094
39.92889223,116.38828570000001,43.80501223,87.57500565
25.22999615,55.27997432,30.29999676,57.08001949
69.45477459,-133.0492013,68.34997398,-133.6999893
14.60415895,120.98221720000001,13.61915448,123.1813594
36.7477169,-119.7729841,-13.7600012,-65.57996118
52.31997052,104.24504759999999,55.75216412,37.61552283
6.400008564,2.519990599,-4.329724102,15.31497188
-8.179618308,-76.52001693,-9.289628073,-75.9899976,-12.04801268,-77.05006209
55.94832786,-3.219090618,52.42040367,-1.4999965830000002
35.67194277,51.42434403,55.75216412,37.61552283
47.66999595,-117.4199494,-38.33999957,141.59000319999998
-3.100031719,-60.00001754,4.596423563,-74.08334396
55.75216412,37.61552283,22.304980899999997,114.18500929999999
52.34996869,4.9166401760000005,51.49999473,-3.22500757
-23.55867959,-46.62501998,-30.32002399,-54.32002832
9.93501243,-84.08405135,4.153323994,-73.63499923
4.153323994,-73.63499923,6.185034606,-67.49302271
34.27502545,108.8949963,23.144981299999998,113.3250101
-1.250015443,116.83001580000001,-0.907038962,119.83303670000001
-24.21962116,-64.87000452,5.319996967,-4.04004826
43.61995892,1.449926716,43.61995892,1.449926716
35.61499534,-87.03526656,35.20499453,-80.83003809
21.98151227,-159.3710063,21.98151227,-159.3710063
22.71958091,-80.90579574,8.96801719,-79.53303715
30.43998822,-9.620043581000001,33.59997622,-7.616367433
41.82999066,-87.75005497,40.429998600000005,-79.99998539
6.4432616529999995,3.391531071,9.083333149,7.533328002
36.80277814,10.1796781,22.78500327,5.5228047270000005
22.304980899999997,114.18500929999999,-6.174417705,106.82943759999999
56.01398277,92.86600053,64.28329714,100.2500459
4.153323994,-73.63499923,1.198310566,-70.17360844
-22.92502317,-43.22502079,-1.450003236,-48.48002303
39.74998842,-86.17004806,41.82999066,-87.75005497
14.60415895,120.98221720000001,10.31997601,123.9000752,35.68501691,139.7514074
64.50610008,-165.4063744,64.94026874,-161.1574717
36.07000633,-79.80002344,35.81878135,-78.64469344
39.92723859,32.86439164,38.49543968,43.39997595
32.70000531,51.7000378,35.67194277,51.42434403
4.596423563,-74.08334396,10.39973859,-75.51439356
35.19809572,-111.65050829999998,33.53997988,-112.06999170000002
36.32502952,-119.3160094,37.76892071,-122.2211034
56.01398277,92.86600053,53.70368451,91.44500199
38.57502138,-121.47003810000001,39.52997601,-119.82000959999999
4.810002257,7.010000772000001,6.4432616529999995,3.391531071
51.03369244,-93.83330123,51.03369244,-93.83330123
-34.60250161,-58.39753137,-33.46613686,-67.54999597,-0.21498818100000003,-78.50005111
1.198310566,-70.17360844,4.153323994,-73.63499923
43.60859011,-116.2274899,38.86296246,-104.7919863
53.83000755,-1.580017539,57.17039797,-2.079987021
33.83001385,-84.39994938,25.7876107,-80.22410608
-36.850013,174.76498080000002,-40.35269326,175.6072033
10.52001548,7.440000365,6.4432616529999995,3.391531071
57.57228558,-154.4550273,57.78999839,-152.4069869
2.9310471789999997,-75.33024459,3.399959126,-76.49996647
33.83001385,-84.39994938,30.367563699999998,-89.09276371
34.51669029,69.18326005,34.44152692,70.43610347
5.979982522999999,116.1100081,4.270965392,117.8959973
25.41995872,-101.0049823,28.70763918,-100.53165209999999
-45.87003091,-67.49999903,18.92038129,-96.91998621
9.929973978,8.890041055,11.99997683,8.5200378
6.400008564,2.519990599,4.060409769,9.709991006000001
4.932992166,-52.33002059,18.5410246,-72.33603459
45.44039044,10.99001623,45.75882062,21.22344844
25.7876107,-80.22410608,3.399959126,-76.49996647
-4.329724102,15.31497188,-7.282928855,19.00001827
-25.29640298,-57.64150517,-7.230012188,-35.88001693
19.7902171,-70.69024747,48.94999534,-54.54998845
32.50001752,-117.079996,31.86997845,-116.61999820000001
52.52181866,13.40154862,47.81047833,13.0400203
13.18328961,30.21669796,15.58807823,32.53417924
-12.04801268,-77.05006209,-16.41999388,-71.53001144
-15.78334023,-47.91605229,-23.55867959,-46.62501998
55.02996014,82.96004187,54.87999514,69.22000199
41.14000694,-104.8197107,-34.88000405,-61.53994938
21.80002464,31.34996212,15.58807823,32.53417924
25.7876107,-80.22410608,33.83001385,-84.39994938
57.46712404,-4.23326644,60.15003522,-1.149992108
-4.329724102,15.31497188,37.98332623,23.73332108
33.59501528,130.4100138,-8.650028871,115.21998490000001
38.92283839,121.6298308,31.21645245,121.4365047
30.42112632,-87.21693506,33.83001385,-84.39994938
62.77698081,-164.52299159999998,61.5787077,-159.5221857
-30.05001463,-51.20001205,-26.31995807,-48.83994938
-12.04801268,-77.05006209,-33.45001382,-70.66704085
55.75216412,37.61552283,45.07038719,7.669960489
-0.9800060840000001,-80.72996668,25.7876107,-80.22410608
46.21000755,6.140028034,44.85001304,-0.595013063
-8.838286114,13.23442704,-8.419603659,20.74001542
4.810002257,7.010000772000001,6.4432616529999995,3.391531071
28.60002301,77.19998002,28.60002301,77.19998002
40.80793418,-91.11276961,39.9359719,-91.40972823
32.82002382,-117.1799899,-38.33999957,141.59000319999998
9.033310363,38.70000443,-1.283346742,36.81665686
43.60859011,-116.2274899,40.7750163,-111.93005190000001
59.93901451,30.31602006,45.01997683,39.000037799999994
4.596423563,-74.08334396,6.2750032739999995,-75.57501001
39.16188479,-84.45692265,42.32996014,-83.08005579
9.929973978,8.890041055,9.209992085,12.48000281
13.78035911,-13.68002832,14.71583173,-17.47313013
32.38038658,48.4700024,36.27001996,59.569996700000004
45.05000083,41.98001094,40.97999086,39.71999385
71.29056968,-156.78858,70.63688865,-160.0383041
-4.2591857719999995,15.28468949,-8.838286114,13.23442704
1.5604073269999998,30.24000403,0.520005716,25.22000036
20.0250167,-75.82132573,23.13195884,-82.36418217
7.876533426,98.3815295,9.962001095,98.63800257
6.4432616529999995,3.391531071,4.960406513,8.330023557999999
43.71501772,7.265023965,43.78000083,11.25000036
25.7876107,-80.22410608,18.47007285,-69.90008508
10.78002545,106.69502720000001,11.55003013,104.9166345
4.883331115,114.9332841,4.399923929,113.9845048
-6.174417705,106.82943759999999,3.579973978,98.65004024
-27.3578321,-55.88510735,-34.60250161,-58.39753137
71.29056968,-156.78858,70.63688865,-160.0383041
52.31997052,104.24504759999999,43.13001467,131.9100256
-21.24956989,-63.50001062,-17.75391762,-63.22599634
38.56003522,68.77387935,25.37138287,55.40647823
46.49001629999999,30.71000118,40.69610638,22.88500077
-6.174417705,106.82943759999999,1.293033466,103.85582070000001
5.319996967,-4.04004826,-17.92000568,19.74994665
35.68501691,139.7514074,21.30687644,-157.85799790000002
11.25043601,125.0000081,8.450839456,124.68529860000001
-8.650028871,115.21998490000001,25.03583333,121.56833329999999
35.11998679999999,-89.99999516,41.37474713,-83.65139042
-4.040026022,39.68991817,30.04996035,31.24996822
25.22999615,55.27997432,31.61002016,65.69494584,34.51669029,69.18326005
14.60415895,120.98221720000001,10.63168825,122.98168170000001
-3.5700288710000003,-80.45998316,-5.210032126000001,-80.62997278
4.596423563,-74.08334396,-0.21498818100000003,-78.50005111
-3.7500178839999996,-73.25000981,-2.902059307,-76.40247888
16.61705935,-7.250007366,18.08642702,-15.97534041
35.20499453,-80.83003809,32.50960349,-92.11919397
49.05329653,104.118337,22.10985069,-78.62748519
-26.81600014,-65.21662419,-31.39995807,-64.18229456
-3.36001585,-64.69998906,-3.100031719,-60.00001754
10.01500755,76.22391557,8.499983743,76.95002112
45.77000856,4.830030475,47.75040448,-3.366575156
-25.70692055,28.22942908,-29.865013,30.98001054
-0.21498818100000003,-78.50005111,-2.220033754,-79.92004195,23.13195884,-82.36418217
-12.74998533,15.76000932,-8.838286114,13.23442704
-4.549607321,136.88998,-2.532986228,140.69998
36.7204059,-4.419999228,35.30000165,-2.950011435
9.675002461,80.00502844,6.931965758,79.85775061
-2.9639159960000003,25.90998409,-4.329724102,15.31497188
40.18115074,44.51355139,45.01997683,39.000037799999994
-5.095000388,-42.7800092,-3.7500178839999996,-38.57998132
31.149686499999998,-81.49165145,38.9783301,-76.49249923
49.27341658,-123.1216442,-32.61001341,-60.17998071
13.74999921,100.5166447,9.1500991,99.34012732
-8.838286114,13.23442704,-9.659579652,20.39001094
-12.74998533,15.76000932,-9.659579652,20.39001094
-12.74998533,15.76000932,-8.838286114,13.23442704
49.27341658,-123.1216442,-32.61001341,-60.17998071
12.15301658,-86.26849166,11.99997683,-83.76494938
-8.838286114,13.23442704,-8.419603659,20.74001542
-4.329724102,15.31497188,0.040035013,18.26001176
30.67000002,104.0700195,28.0199809,120.65009270000002
26.229986800000002,78.18007523,28.60002301,77.19998002
7.1300932,-73.12588302,36.7204059,-4.419999228
15.45997235,36.39001623,15.58807823,32.53417924
42.969998600000004,-81.24998661,38.2008065,-84.87335718
4.153323994,-73.63499923,1.198310566,-70.17360844
27.71669191,85.31664221,28.60002301,77.19998002
25.78998781,-108.99999820000001,19.3303821,-99.66999923
12.15301658,-86.26849166,11.99997683,-83.76494938
13.74999921,100.5166447,22.304980899999997,114.18500929999999
-34.60250161,-58.39753137,18.92038129,-96.91998621
55.87440472,-4.250707236,57.17039797,-2.079987021
28.26399603,83.97199855,27.71669191,85.31664221
37.98332623,23.73332108,44.433371799999996,26.09994665
28.50997683,-81.38003036,32.82002382,-96.84001693
19.42037661,-102.0700078,19.44244244,-99.1309882
41.89595563,12.48325842,42.66670961,21.16598425
55.75216412,37.61552283,41.31170188,69.29493282
-26.17004474,28.03000972,-28.54948606,16.42999426
37.74830182,-25.666583499999998,38.53465595,-28.64475681
42.969998600000004,-81.24998661,45.4699752,9.20500891
27.71669191,85.31664221,28.60002301,77.19998002
23.13195884,-82.36418217,39.48501752,-0.400012046
50.43336733,30.51662797,35.67194277,51.42434403
6.4432616529999995,3.391531071,9.083333149,7.533328002
47.37998781,8.55001013,51.04997052,13.75000281
39.92723859,32.86439164,41.10499615,29.01000159
5.319996967,-4.04004826,6.4432616529999995,3.391531071
20.67709576,-105.24498190000001,-31.43003375,-62.08996749
38.57502138,-121.47003810000001,39.750376,-84.19998743
55.75216412,37.61552283,50.43336733,30.51662797
13.74999921,100.5166447,6.931965758,79.85775061
-12.74998533,15.76000932,-8.838286114,13.23442704
14.60415895,120.98221720000001,7.110016906,125.6299955
0.38538861,9.457965046,-5.922908509,12.35499752
7.110016906,125.6299955,14.60415895,120.98221720000001
48.86669293,2.333335326,42.969998600000004,-81.24998661
-34.93498777,138.60000480000002,-33.02502684,137.5614119
9.400419738,-0.83998519,5.5500346060000005,-0.21671574
-15.56960651,-56.08498519,-16.469499900000002,-54.63998295
16.74999697,-93.15000959999999,17.99997235,-92.89997319
4.153323994,-73.63499923,1.198310566,-70.17360844
25.62495913,85.13003861,26.85503908,80.91499874,28.60002301,77.19998002
-33.45001382,-70.66704085,-45.56999754,-72.07000431
-4.329724102,15.31497188,-6.409958884,20.77003943
30.04996035,31.24996822,26.23613629,50.58305172
19.44244244,-99.1309882,26.07999595,-98.30003117,25.87998232,-97.50000248
55.75216412,37.61552283,41.6000047,41.63000647
25.03583333,121.56833329999999,-37.46000161,-72.35998661
-9.659579652,20.39001094,-8.838286114,13.23442704
41.08039817,-85.12998234,43.05265505,-87.91996708
-8.838286114,13.23442704,-15.19004311,12.16002234
36.7204059,-4.419999228,18.92038129,-96.91998621
55.94832786,-3.219090618,54.60001223,-5.960034425
41.10499615,29.01000159,55.75216412,37.61552283
-8.838286114,13.23442704,-14.91000853,13.49001868
44.5299809,-88.00001388,26.64029767,-81.86049199
18.6999813,105.6799987,17.48333722,106.6000459,16.46998822,107.5800378
-34.58002236,-70.98996688,-50.33332436,-72.30001612
37.92043601,40.23004024,39.92723859,32.86439164
-32.88333006,-68.81661117,-31.73332273,-60.53334416
35.67194277,51.42434403,36.83034751,54.48002315
56.85002993,60.59995967,52.31997052,104.24504759999999,43.13001467,131.9100256
10.47043194,-68.17000981,10.50099855,-66.91703719
55.75216412,37.61552283,69.34001691,88.22499182
43.69997988,-79.42002079,38.72272288,-9.144866305
42.44057355,-76.4969434,35.61486615,-88.81389185
40.70042137,-74.17000533,-31.43003375,-62.08996749
42.32996014,-71.07001367,-37.46000161,-72.35998661
42.32996014,-71.07001367,-37.46000161,-72.35998661
45.4699752,9.20500891,48.86669293,2.333335326
59.05656031,-158.4803121,58.68870323,-156.6613784
41.38329958,2.1833703190000002,35.71000246,-0.61997278
72.04114402,102.4650012,55.75216412,37.61552283
49.61166038,6.130002806,4.810002257,7.010000772000001
55.75216412,37.61552283,56.15699729,101.6150272,64.73699038,177.47499630000002
26.19755983,-97.69019759,31.77998395,-106.5099952
1.5604073269999998,30.24000403,0.49044679700000005,29.45002641
6.2750032739999995,-75.57501001,5.6904136339999996,-76.66000838
52.47497398,-1.9199967869999999,44.80115297,-68.77834477
40.40002626,-3.6833516860000004,43.24998151,-2.929986818
19.44244244,-99.1309882,17.54997398,-99.50000959999998
-7.77995278,110.37500929999999,-6.174417705,106.82943759999999
-0.21498818100000003,-78.50005111,3.399959126,-76.49996647
47.50000633,19.08332068,36.80277814,10.1796781
44.97997927,-93.25178634,42.32996014,-83.08005579
2.066681334,45.36667761,11.59501446,43.14800167
39.92889223,116.38828570000001,35.09505292,129.0100476
9.083333149,7.533328002,9.929973978,8.890041055,11.99997683,8.5200378,6.4432616529999995,3.391531071
30.04996035,31.24996822,36.80277814,10.1796781
39.92889223,116.38828570000001,38.92283839,121.6298308
4.810002257,7.010000772000001,4.960406513,8.330023557999999
25.03583333,121.56833329999999,22.304980899999997,114.18500929999999
-29.11999388,26.22991288,-33.95003497,22.45004024
48.45498679999999,135.1200105,56.45424113,138.1673305
-7.629987774,-72.66996769,-9.966589336,-67.80000655
52.52181866,13.40154862,49.61166038,6.130002806
14.60415895,120.98221720000001,18.1988491,120.5936104
39.8407064,-88.95473596,42.26970542,-89.06969019
25.03583333,121.56833329999999,22.20299746,113.54504840000001
49.99998293,36.25002478,40.97999086,39.71999385
-23.55867959,-46.62501998,-30.05001463,-51.20001205
41.10499615,29.01000159,39.92723859,32.86439164,37.92043601,40.23004024
-6.762908916000001,-79.83658452,-6.229608135,-77.87001205
-4.2591857719999995,15.28468949,4.060409769,9.709991006000001
0.4544444,34.0758333,-1.283346742,36.81665686
30.43998822,-9.620043581000001,36.763064799999995,3.05055253
59.43387738,24.72804073,60.17556337,24.93412634
29.49999392,60.83002315,30.29999676,57.08001949
33.69999595,73.16663448,33.60268923,71.43268347
22.78500327,5.5228047270000005,36.763064799999995,3.05055253
-4.329724102,15.31497188,-11.6800248,27.48001745
34.51669029,69.18326005,40.97999086,39.71999385,41.65000165,-0.8899821379999999
45.4699752,9.20500891,44.40998822,8.930038613999999
-40.35269326,175.6072033,-43.53503131,172.6300207
47.21038576,-1.5900169290000001,52.09998395,23.69998979
19.61579103,37.21642574,15.58807823,32.53417924
31.77998395,-106.5099952,29.36294802,-100.8963843
32.64998252,-115.48001609999999,-34.47000324,-56.39997888
-43.53503131,172.6300207,-40.35269326,175.6072033
42.86661989,-106.3124878,44.52321128,-109.05710069999999
47.57000205,-122.33998500000001,47.66999595,-117.4199494
-0.219587383,20.8600081,-4.329724102,15.31497188
9.531522846,-13.68023503,6.400008564,2.519990599,33.87197512,35.50970821
42.00000612,21.43346147,43.35049217,17.82003861
41.89595563,12.48325842,39.22239789,9.103981485
39.92723859,32.86439164,40.39527203,49.86221716,34.51669029,69.18326005
46.49001629999999,30.71000118,33.58000327,-101.87996770000001
15.58807823,32.53417924,4.8299751980000005,31.58002559,13.18328961,30.21669796
-23.55867959,-46.62501998,-3.36001585,-64.69998906,-3.100031719,-60.00001754
37.87501243,112.5450577,43.80501223,87.57500565,40.39527203,49.86221716
0.38538861,9.457965046,-1.633299541,13.58329464
41.55000775,-73.05002202,51.7704175,-1.2499860040000002
35.11998679999999,-89.99999516,39.16188479,-84.45692265
45.78830202,-108.5400004,48.19776735,-114.31597859999998
55.75216412,37.61552283,43.59001243,39.72996741
60.55435162,-151.2580131,62.95681479999999,-155.5957845,66.89869305,-162.5965975
19.44244244,-99.1309882,17.99997235,-92.89997319
18.20151044,-67.13971094,-31.55002643,-68.51998845
13.18328961,30.21669796,4.8299751980000005,31.58002559
32.82002382,-96.84001693,29.81997438,-95.33997929
34.73608258,-92.33109318,44.97997927,-93.25178634
44.65002525,-63.60000452,41.65000165,-0.8899821379999999
4.153323994,-73.63499923,6.2750032739999995,-75.57501001
32.82002382,-117.1799899,35.10497479,-106.64133079999999
40.65220725,109.82201979999999,31.21645245,121.4365047
38.47727541,-107.8655197,41.68330711,-86.25001734
-23.55867959,-46.62501998,-19.7799955,-47.9500037
40.39527203,49.86221716,34.51669029,69.18326005
44.80115297,-68.77834477,43.20807192,-71.53804712
34.33000917,62.16999304,34.51669029,69.18326005
25.37138287,55.40647823,15.58807823,32.53417924
-33.59951373,150.73998730000002,38.280388200000004,-104.6300066,33.68041058,-117.82995020000001
54.78997479,56.04003129,65.92304201,57.40299719,57.99995974,56.24999263,67.64740704,53.05742265
-15.616666699999998,34.5166667,15.58807823,32.53417924,45.80000673,15.99999467
-36.850013,174.76498080000002,-41.52099404,173.9592419
-15.41664427,28.28332759,-17.86000934,25.86001298,-15.27959837,23.12002519,-15.41664427,28.28332759
-1.6787991009999998,29.2217868,-2.9639159960000003,25.90998409,-5.3794791470000005,26.9799963
13.18328961,30.21669796,13.62998069,25.35001827
37.98332623,23.73332108,50.08333701,14.46597978
-12.04801268,-77.05006209,-8.368909079,-74.53499597,-3.7500178839999996,-73.25000981
0.49044679700000005,29.45002641,2.75997235,27.62000891
3.579973978,98.65004024,-6.174417705,106.82943759999999
-0.219587383,20.8600081,-4.329724102,15.31497188
0.520005716,25.22000036,1.5604073269999998,30.24000403
49.88298749,-97.16599186,48.44615013,-89.27497481
6.4432616529999995,3.391531071,9.083333149,7.533328002
39.29999005,-76.61998499,41.82999066,-87.75005497,35.59701194,-105.2225027
9.083333149,7.533328002,4.810002257,7.010000772000001
42.56095379999999,-114.4605693,32.420565,-104.2282998,25.66999514,-100.3299848
0.060395527000000004,32.46002356,-4.329724102,15.31497188
42.66670961,21.16598425,48.73044802,21.25001013
49.15207146,-125.9031487,49.27341658,-123.1216442
40.40002626,-3.6833516860000004,7.390387389,-72.66001998
46.59274904,-112.03529099999999,46.0038961,-112.5338394
-2.89999225,-78.99999475,-2.309589011,-78.11999679
34.51669029,69.18326005,31.61002016,65.69494584,31.58299802,64.35999955
-1.6787991009999998,29.2217868,1.5604073269999998,30.24000403
40.18115074,44.51355139,43.59001243,39.72996741
47.67808331,-116.77944579999999,46.87224103,-113.99305259999998
-23.89002887,29.45002641,-21.99954995,35.31659338
-1.6787991009999998,29.2217868,0.520005716,25.22000036
55.75216412,37.61552283,52.31997052,104.24504759999999
30.19997703,71.45500769,31.55997154,74.35002478
4.596423563,-74.08334396,-4.220015036,-69.93997929
36.763064799999995,3.05055253,50.09997683,8.67501542
38.05001467,-84.50002079,33.83001385,-84.39994938
-3.100031719,-60.00001754,-15.78334023,-47.91605229
6.4432616529999995,3.391531071,9.083333149,7.533328002,13.06001548,5.240031289
35.67194277,51.42434403,29.62996014,52.57001054
56.94909365,-158.6268915,58.68870323,-156.6613784
-8.890014222000001,33.43004187,-6.800012595,39.26834184
-7.249235821,112.75083329999998,1.4800246369999999,124.84999140000001
27.50613629,-99.50721847,20.67001609,-103.3300342
47.50029055,-111.29998700000002,45.68009157,-111.0378325
-6.174417705,106.82943759999999,-7.77995278,110.37500929999999
-9.380010152999999,-40.50996688,-12.969971899999999,-38.47998743
61.25994163,73.42501664,53.19500755,50.15129512
2.066681334,45.36667761,11.59501446,43.14800167
5.319996967,-4.04004826,4.060409769,9.709991006000001,-1.283346742,36.81665686
-3.7500178839999996,-73.25000981,-8.368909079,-74.53499597
43.05265505,-87.91996708,42.32996014,-83.08005579
-8.730023988,25.00998734,-11.6800248,27.48001745
-30.05001463,-51.20001205,-23.55867959,-46.62501998
9.58999473,41.86001827,11.59501446,43.14800167
-25.420013,-49.3199976,-23.19999347,-46.879991499999996
-5.3794791470000005,26.9799963,-1.6787991009999998,29.2217868
-1.6787991009999998,29.2217868,-2.509990215,28.8400378
13.74999921,100.5166447,7.876533426,98.3815295
-4.329724102,15.31497188,-6.409958884,20.77003943
-23.55867959,-46.62501998,-22.92502317,-43.22502079
15.58807823,32.53417924,4.8299751980000005,31.58002559
41.10499615,29.01000159,37.76998008,30.52996049
32.47043276,-84.98001734,42.87997825,-78.88000208
57.78999839,-152.4069869,59.64293439,-151.54827969999997
-8.838286114,13.23442704,-12.74998533,15.76000932
20.96663881,-89.61663355,10.50099855,-66.91703719
-33.92001097,151.18517980000001,-27.45503091,153.03509269999998
-1.6787991009999998,29.2217868,0.520005716,25.22000036,-4.329724102,15.31497188
7.699980895,27.98996049,6.800009987999999,29.68329382,4.8299751980000005,31.58002559
45.78830202,-108.5400004,47.50029055,-111.29998700000002
55.15499127,61.43866817,57.99995974,56.24999263
13.71000165,-89.20304122,14.1020449,-87.21752934,25.7876107,-80.22410608
33.500034,36.29999589,15.58807823,32.53417924
15.58807823,32.53417924,4.8299751980000005,31.58002559
15.58807823,32.53417924,4.8299751980000005,31.58002559
-37.73119953,142.0234135,25.41995872,-101.0049823
4.596423563,-74.08334396,25.7876107,-80.22410608
40.40002626,-3.6833516860000004,28.09997601,-15.42999902
42.87307945,74.58520422,35.67194277,51.42434403
10.50099855,-66.91703719,-0.9295698859999999,-78.60996688
0.520005716,25.22000036,-2.509990215,28.8400378,-1.6787991009999998,29.2217868
55.75216412,37.61552283,57.99995974,56.24999263
22.16997622,-100.99999559999999,19.44244244,-99.1309882
49.27341658,-123.1216442,49.88371096,-124.5499793
41.89595563,12.48325842,44.50042198,11.34002071
40.70042137,-74.17000533,42.87997825,-78.88000208
0.060395527000000004,32.46002356,25.70001914,32.6500378
41.10499615,29.01000159,52.34996869,4.9166401760000005
0.060395527000000004,32.46002356,2.066681334,45.36667761
23.144981299999998,113.3250101,35.68501691,139.7514074
4.366644306,18.55828813,-17.81778969,31.04470943
-1.6787991009999998,29.2217868,2.75997235,27.62000891
-22.92502317,-43.22502079,48.86669293,2.333335326
